question,answer,region,channel,issue
(1) How do I handle reset password via the web app?,"For reset password on the web app, open Settings > Security and follow the prompts. If it persists, open a ticket with logs, region=US, and a short description. Typical resolution: 24h.",US,web app,reset password
(2) How do I handle billing discrepancy via the mobile app?,"For billing discrepancy on the mobile app, visit Billing > Payments and refresh your card on file. If it persists, open a ticket with logs, region=EU, and a short description. Typical resolution: 24h.",EU,mobile app,billing discrepancy
(3) How do I handle upgrade plan via the email?,"For upgrade plan on the email, go to Plans and choose the desired tier, then confirm. If it persists, open a ticket with logs, region=APAC, and a short description. Typical resolution: 24h.",APAC,email,upgrade plan
(4) How do I handle downgrade plan via the chat?,"For downgrade plan on the chat, use the cancellation flow under Plans and give a reason. If it persists, open a ticket with logs, region=LATAM, and a short description. Typical resolution: 24h.",LATAM,chat,downgrade plan
(5) How do I handle cancel subscription via the phone (enterprise)?,"For cancel subscription on the phone (enterprise), verify identity with the code we send and retry. If it persists, open a ticket with logs, region=US, and a short description. Typical resolution: 24h.",US,phone (enterprise),cancel subscription
(6) How do I handle update payment method via the web app?,"For update payment method on the web app, submit shipment ID and carrier, then check tracking. If it persists, open a ticket with logs, region=EU, and a short description. Typical resolution: 24h.",EU,web app,update payment method
(7) How do I handle two-factor auth via the mobile app?,"For two-factor auth on the mobile app, attach proof of purchase and reason in the form. If it persists, open a ticket with logs, region=APAC, and a short description. Typical resolution: 24h.",APAC,mobile app,two-factor auth
(8) How do I handle shipping delay via the email?,"For shipping delay on the email, add a backup email and regenerate recovery codes. If it persists, open a ticket with logs, region=LATAM, and a short description. Typical resolution: 24h.",LATAM,email,shipping delay
(9) How do I handle return request via the chat?,"For return request on the chat, open Settings > Security and follow the prompts. If it persists, open a ticket with logs, region=US, and a short description. Typical resolution: 24h.",US,chat,return request
(10) How do I handle account locked via the phone (enterprise)?,"For account locked on the phone (enterprise), visit Billing > Payments and refresh your card on file. If it persists, open a ticket with logs, region=EU, and a short description. Typical resolution: 24h.",EU,phone (enterprise),account locked
(11) How do I handle reset password via the web app?,"For reset password on the web app, go to Plans and choose the desired tier, then confirm. If it persists, open a ticket with logs, region=APAC, and a short description. Typical resolution: 24h.",APAC,web app,reset password
(12) How do I handle billing discrepancy via the mobile app?,"For billing discrepancy on the mobile app, use the cancellation flow under Plans and give a reason. If it persists, open a ticket with logs, region=LATAM, and a short description. Typical resolution: 24h.",LATAM,mobile app,billing discrepancy
(13) How do I handle upgrade plan via the email?,"For upgrade plan on the email, verify identity with the code we send and retry. If it persists, open a ticket with logs, region=US, and a short description. Typical resolution: 24h.",US,email,upgrade plan
(14) How do I handle downgrade plan via the chat?,"For downgrade plan on the chat, submit shipment ID and carrier, then check tracking. If it persists, open a ticket with logs, region=EU, and a short description. Typical resolution: 24h.",EU,chat,downgrade plan
(15) How do I handle cancel subscription via the phone (enterprise)?,"For cancel subscription on the phone (enterprise), attach proof of purchase and reason in the form. If it persists, open a ticket with logs, region=APAC, and a short description. Typical resolution: 24h.",APAC,phone (enterprise),cancel subscription
(16) How do I handle update payment method via the web app?,"For update payment method on the web app, add a backup email and regenerate recovery codes. If it persists, open a ticket with logs, region=LATAM, and a short description. Typical resolution: 24h.",LATAM,web app,update payment method
(17) How do I handle two-factor auth via the mobile app?,"For two-factor auth on the mobile app, open Settings > Security and follow the prompts. If it persists, open a ticket with logs, region=US, and a short description. Typical resolution: 24h.",US,mobile app,two-factor auth
(18) How do I handle shipping delay via the email?,"For shipping delay on the email, visit Billing > Payments and refresh your card on file. If it persists, open a ticket with logs, region=EU, and a short description. Typical resolution: 24h.",EU,email,shipping delay
(19) How do I handle return request via the chat?,"For return request on the chat, go to Plans and choose the desired tier, then confirm. If it persists, open a ticket with logs, region=APAC, and a short description. Typical resolution: 24h.",APAC,chat,return request
(20) How do I handle account locked via the phone (enterprise)?,"For account locked on the phone (enterprise), use the cancellation flow under Plans and give a reason. If it persists, open a ticket with logs, region=LATAM, and a short description. Typical resolution: 24h.",LATAM,phone (enterprise),account locked
(21) How do I handle reset password via the web app?,"For reset password on the web app, verify identity with the code we send and retry. If it persists, open a ticket with logs, region=US, and a short description. Typical resolution: 24h.",US,web app,reset password
(22) How do I handle billing discrepancy via the mobile app?,"For billing discrepancy on the mobile app, submit shipment ID and carrier, then check tracking. If it persists, open a ticket with logs, region=EU, and a short description. Typical resolution: 24h.",EU,mobile app,billing discrepancy
(23) How do I handle upgrade plan via the email?,"For upgrade plan on the email, attach proof of purchase and reason in the form. If it persists, open a ticket with logs, region=APAC, and a short description. Typical resolution: 24h.",APAC,email,upgrade plan
(24) How do I handle downgrade plan via the chat?,"For downgrade plan on the chat, add a backup email and regenerate recovery codes. If it persists, open a ticket with logs, region=LATAM, and a short description. Typical resolution: 24h.",LATAM,chat,downgrade plan
(25) How do I handle cancel subscription via the phone (enterprise)?,"For cancel subscription on the phone (enterprise), open Settings > Security and follow the prompts. If it persists, open a ticket with logs, region=US, and a short description. Typical resolution: 24h.",US,phone (enterprise),cancel subscription
(26) How do I handle update payment method via the web app?,"For update payment method on the web app, visit Billing > Payments and refresh your card on file. If it persists, open a ticket with logs, region=EU, and a short description. Typical resolution: 24h.",EU,web app,update payment method
(27) How do I handle two-factor auth via the mobile app?,"For two-factor auth on the mobile app, go to Plans and choose the desired tier, then confirm. If it persists, open a ticket with logs, region=APAC, and a short description. Typical resolution: 24h.",APAC,mobile app,two-factor auth
(28) How do I handle shipping delay via the email?,"For shipping delay on the email, use the cancellation flow under Plans and give a reason. If it persists, open a ticket with logs, region=LATAM, and a short description. Typical resolution: 24h.",LATAM,email,shipping delay
(29) How do I handle return request via the chat?,"For return request on the chat, verify identity with the code we send and retry. If it persists, open a ticket with logs, region=US, and a short description. Typical resolution: 24h.",US,chat,return request
(30) How do I handle account locked via the phone (enterprise)?,"For account locked on the phone (enterprise), submit shipment ID and carrier, then check tracking. If it persists, open a ticket with logs, region=EU, and a short description. Typical resolution: 24h.",EU,phone (enterprise),account locked
(31) How do I handle reset password via the web app?,"For reset password on the web app, attach proof of purchase and reason in the form. If it persists, open a ticket with logs, region=APAC, and a short description. Typical resolution: 24h.",APAC,web app,reset password
(32) How do I handle billing discrepancy via the mobile app?,"For billing discrepancy on the mobile app, add a backup email and regenerate recovery codes. If it persists, open a ticket with logs, region=LATAM, and a short description. Typical resolution: 24h.",LATAM,mobile app,billing discrepancy
(33) How do I handle upgrade plan via the email?,"For upgrade plan on the email, open Settings > Security and follow the prompts. If it persists, open a ticket with logs, region=US, and a short description. Typical resolution: 24h.",US,email,upgrade plan
(34) How do I handle downgrade plan via the chat?,"For downgrade plan on the chat, visit Billing > Payments and refresh your card on file. If it persists, open a ticket with logs, region=EU, and a short description. Typical resolution: 24h.",EU,chat,downgrade plan
(35) How do I handle cancel subscription via the phone (enterprise)?,"For cancel subscription on the phone (enterprise), go to Plans and choose the desired tier, then confirm. If it persists, open a ticket with logs, region=APAC, and a short description. Typical resolution: 24h.",APAC,phone (enterprise),cancel subscription
(36) How do I handle update payment method via the web app?,"For update payment method on the web app, use the cancellation flow under Plans and give a reason. If it persists, open a ticket with logs, region=LATAM, and a short description. Typical resolution: 24h.",LATAM,web app,update payment method
(37) How do I handle two-factor auth via the mobile app?,"For two-factor auth on the mobile app, verify identity with the code we send and retry. If it persists, open a ticket with logs, region=US, and a short description. Typical resolution: 24h.",US,mobile app,two-factor auth
(38) How do I handle shipping delay via the email?,"For shipping delay on the email, submit shipment ID and carrier, then check tracking. If it persists, open a ticket with logs, region=EU, and a short description. Typical resolution: 24h.",EU,email,shipping delay
(39) How do I handle return request via the chat?,"For return request on the chat, attach proof of purchase and reason in the form. If it persists, open a ticket with logs, region=APAC, and a short description. Typical resolution: 24h.",APAC,chat,return request
(40) How do I handle account locked via the phone (enterprise)?,"For account locked on the phone (enterprise), add a backup email and regenerate recovery codes. If it persists, open a ticket with logs, region=LATAM, and a short description. Typical resolution: 24h.",LATAM,phone (enterprise),account locked
(41) How do I handle reset password via the web app?,"For reset password on the web app, open Settings > Security and follow the prompts. If it persists, open a ticket with logs, region=US, and a short description. Typical resolution: 24h.",US,web app,reset password
(42) How do I handle billing discrepancy via the mobile app?,"For billing discrepancy on the mobile app, visit Billing > Payments and refresh your card on file. If it persists, open a ticket with logs, region=EU, and a short description. Typical resolution: 24h.",EU,mobile app,billing discrepancy
(43) How do I handle upgrade plan via the email?,"For upgrade plan on the email, go to Plans and choose the desired tier, then confirm. If it persists, open a ticket with logs, region=APAC, and a short description. Typical resolution: 24h.",APAC,email,upgrade plan
(44) How do I handle downgrade plan via the chat?,"For downgrade plan on the chat, use the cancellation flow under Plans and give a reason. If it persists, open a ticket with logs, region=LATAM, and a short description. Typical resolution: 24h.",LATAM,chat,downgrade plan
(45) How do I handle cancel subscription via the phone (enterprise)?,"For cancel subscription on the phone (enterprise), verify identity with the code we send and retry. If it persists, open a ticket with logs, region=US, and a short description. Typical resolution: 24h.",US,phone (enterprise),cancel subscription
(46) How do I handle update payment method via the web app?,"For update payment method on the web app, submit shipment ID and carrier, then check tracking. If it persists, open a ticket with logs, region=EU, and a short description. Typical resolution: 24h.",EU,web app,update payment method
(47) How do I handle two-factor auth via the mobile app?,"For two-factor auth on the mobile app, attach proof of purchase and reason in the form. If it persists, open a ticket with logs, region=APAC, and a short description. Typical resolution: 24h.",APAC,mobile app,two-factor auth
(48) How do I handle shipping delay via the email?,"For shipping delay on the email, add a backup email and regenerate recovery codes. If it persists, open a ticket with logs, region=LATAM, and a short description. Typical resolution: 24h.",LATAM,email,shipping delay
(49) How do I handle return request via the chat?,"For return request on the chat, open Settings > Security and follow the prompts. If it persists, open a ticket with logs, region=US, and a short description. Typical resolution: 24h.",US,chat,return request
(50) How do I handle account locked via the phone (enterprise)?,"For account locked on the phone (enterprise), visit Billing > Payments and refresh your card on file. If it persists, open a ticket with logs, region=EU, and a short description. Typical resolution: 24h.",EU,phone (enterprise),account locked
(51) How do I handle reset password via the web app?,"For reset password on the web app, go to Plans and choose the desired tier, then confirm. If it persists, open a ticket with logs, region=APAC, and a short description. Typical resolution: 24h.",APAC,web app,reset password
(52) How do I handle billing discrepancy via the mobile app?,"For billing discrepancy on the mobile app, use the cancellation flow under Plans and give a reason. If it persists, open a ticket with logs, region=LATAM, and a short description. Typical resolution: 24h.",LATAM,mobile app,billing discrepancy
(53) How do I handle upgrade plan via the email?,"For upgrade plan on the email, verify identity with the code we send and retry. If it persists, open a ticket with logs, region=US, and a short description. Typical resolution: 24h.",US,email,upgrade plan
(54) How do I handle downgrade plan via the chat?,"For downgrade plan on the chat, submit shipment ID and carrier, then check tracking. If it persists, open a ticket with logs, region=EU, and a short description. Typical resolution: 24h.",EU,chat,downgrade plan
(55) How do I handle cancel subscription via the phone (enterprise)?,"For cancel subscription on the phone (enterprise), attach proof of purchase and reason in the form. If it persists, open a ticket with logs, region=APAC, and a short description. Typical resolution: 24h.",APAC,phone (enterprise),cancel subscription
(56) How do I handle update payment method via the web app?,"For update payment method on the web app, add a backup email and regenerate recovery codes. If it persists, open a ticket with logs, region=LATAM, and a short description. Typical resolution: 24h.",LATAM,web app,update payment method
(57) How do I handle two-factor auth via the mobile app?,"For two-factor auth on the mobile app, open Settings > Security and follow the prompts. If it persists, open a ticket with logs, region=US, and a short description. Typical resolution: 24h.",US,mobile app,two-factor auth
(58) How do I handle shipping delay via the email?,"For shipping delay on the email, visit Billing > Payments and refresh your card on file. If it persists, open a ticket with logs, region=EU, and a short description. Typical resolution: 24h.",EU,email,shipping delay
(59) How do I handle return request via the chat?,"For return request on the chat, go to Plans and choose the desired tier, then confirm. If it persists, open a ticket with logs, region=APAC, and a short description. Typical resolution: 24h.",APAC,chat,return request
(60) How do I handle account locked via the phone (enterprise)?,"For account locked on the phone (enterprise), use the cancellation flow under Plans and give a reason. If it persists, open a ticket with logs, region=LATAM, and a short description. Typical resolution: 24h.",LATAM,phone (enterprise),account locked
(61) How do I handle reset password via the web app?,"For reset password on the web app, verify identity with the code we send and retry. If it persists, open a ticket with logs, region=US, and a short description. Typical resolution: 24h.",US,web app,reset password
(62) How do I handle billing discrepancy via the mobile app?,"For billing discrepancy on the mobile app, submit shipment ID and carrier, then check tracking. If it persists, open a ticket with logs, region=EU, and a short description. Typical resolution: 24h.",EU,mobile app,billing discrepancy
(63) How do I handle upgrade plan via the email?,"For upgrade plan on the email, attach proof of purchase and reason in the form. If it persists, open a ticket with logs, region=APAC, and a short description. Typical resolution: 24h.",APAC,email,upgrade plan
(64) How do I handle downgrade plan via the chat?,"For downgrade plan on the chat, add a backup email and regenerate recovery codes. If it persists, open a ticket with logs, region=LATAM, and a short description. Typical resolution: 24h.",LATAM,chat,downgrade plan
(65) How do I handle cancel subscription via the phone (enterprise)?,"For cancel subscription on the phone (enterprise), open Settings > Security and follow the prompts. If it persists, open a ticket with logs, region=US, and a short description. Typical resolution: 24h.",US,phone (enterprise),cancel subscription
(66) How do I handle update payment method via the web app?,"For update payment method on the web app, visit Billing > Payments and refresh your card on file. If it persists, open a ticket with logs, region=EU, and a short description. Typical resolution: 24h.",EU,web app,update payment method
(67) How do I handle two-factor auth via the mobile app?,"For two-factor auth on the mobile app, go to Plans and choose the desired tier, then confirm. If it persists, open a ticket with logs, region=APAC, and a short description. Typical resolution: 24h.",APAC,mobile app,two-factor auth
(68) How do I handle shipping delay via the email?,"For shipping delay on the email, use the cancellation flow under Plans and give a reason. If it persists, open a ticket with logs, region=LATAM, and a short description. Typical resolution: 24h.",LATAM,email,shipping delay
(69) How do I handle return request via the chat?,"For return request on the chat, verify identity with the code we send and retry. If it persists, open a ticket with logs, region=US, and a short description. Typical resolution: 24h.",US,chat,return request
(70) How do I handle account locked via the phone (enterprise)?,"For account locked on the phone (enterprise), submit shipment ID and carrier, then check tracking. If it persists, open a ticket with logs, region=EU, and a short description. Typical resolution: 24h.",EU,phone (enterprise),account locked
(71) How do I handle reset password via the web app?,"For reset password on the web app, attach proof of purchase and reason in the form. If it persists, open a ticket with logs, region=APAC, and a short description. Typical resolution: 24h.",APAC,web app,reset password
(72) How do I handle billing discrepancy via the mobile app?,"For billing discrepancy on the mobile app, add a backup email and regenerate recovery codes. If it persists, open a ticket with logs, region=LATAM, and a short description. Typical resolution: 24h.",LATAM,mobile app,billing discrepancy
(73) How do I handle upgrade plan via the email?,"For upgrade plan on the email, open Settings > Security and follow the prompts. If it persists, open a ticket with logs, region=US, and a short description. Typical resolution: 24h.",US,email,upgrade plan
(74) How do I handle downgrade plan via the chat?,"For downgrade plan on the chat, visit Billing > Payments and refresh your card on file. If it persists, open a ticket with logs, region=EU, and a short description. Typical resolution: 24h.",EU,chat,downgrade plan
(75) How do I handle cancel subscription via the phone (enterprise)?,"For cancel subscription on the phone (enterprise), go to Plans and choose the desired tier, then confirm. If it persists, open a ticket with logs, region=APAC, and a short description. Typical resolution: 24h.",APAC,phone (enterprise),cancel subscription
(76) How do I handle update payment method via the web app?,"For update payment method on the web app, use the cancellation flow under Plans and give a reason. If it persists, open a ticket with logs, region=LATAM, and a short description. Typical resolution: 24h.",LATAM,web app,update payment method
(77) How do I handle two-factor auth via the mobile app?,"For two-factor auth on the mobile app, verify identity with the code we send and retry. If it persists, open a ticket with logs, region=US, and a short description. Typical resolution: 24h.",US,mobile app,two-factor auth
(78) How do I handle shipping delay via the email?,"For shipping delay on the email, submit shipment ID and carrier, then check tracking. If it persists, open a ticket with logs, region=EU, and a short description. Typical resolution: 24h.",EU,email,shipping delay
(79) How do I handle return request via the chat?,"For return request on the chat, attach proof of purchase and reason in the form. If it persists, open a ticket with logs, region=APAC, and a short description. Typical resolution: 24h.",APAC,chat,return request
(80) How do I handle account locked via the phone (enterprise)?,"For account locked on the phone (enterprise), add a backup email and regenerate recovery codes. If it persists, open a ticket with logs, region=LATAM, and a short description. Typical resolution: 24h.",LATAM,phone (enterprise),account locked
(81) How do I handle reset password via the web app?,"For reset password on the web app, open Settings > Security and follow the prompts. If it persists, open a ticket with logs, region=US, and a short description. Typical resolution: 24h.",US,web app,reset password
(82) How do I handle billing discrepancy via the mobile app?,"For billing discrepancy on the mobile app, visit Billing > Payments and refresh your card on file. If it persists, open a ticket with logs, region=EU, and a short description. Typical resolution: 24h.",EU,mobile app,billing discrepancy
(83) How do I handle upgrade plan via the email?,"For upgrade plan on the email, go to Plans and choose the desired tier, then confirm. If it persists, open a ticket with logs, region=APAC, and a short description. Typical resolution: 24h.",APAC,email,upgrade plan
(84) How do I handle downgrade plan via the chat?,"For downgrade plan on the chat, use the cancellation flow under Plans and give a reason. If it persists, open a ticket with logs, region=LATAM, and a short description. Typical resolution: 24h.",LATAM,chat,downgrade plan
(85) How do I handle cancel subscription via the phone (enterprise)?,"For cancel subscription on the phone (enterprise), verify identity with the code we send and retry. If it persists, open a ticket with logs, region=US, and a short description. Typical resolution: 24h.",US,phone (enterprise),cancel subscription
(86) How do I handle update payment method via the web app?,"For update payment method on the web app, submit shipment ID and carrier, then check tracking. If it persists, open a ticket with logs, region=EU, and a short description. Typical resolution: 24h.",EU,web app,update payment method
(87) How do I handle two-factor auth via the mobile app?,"For two-factor auth on the mobile app, attach proof of purchase and reason in the form. If it persists, open a ticket with logs, region=APAC, and a short description. Typical resolution: 24h.",APAC,mobile app,two-factor auth
(88) How do I handle shipping delay via the email?,"For shipping delay on the email, add a backup email and regenerate recovery codes. If it persists, open a ticket with logs, region=LATAM, and a short description. Typical resolution: 24h.",LATAM,email,shipping delay
(89) How do I handle return request via the chat?,"For return request on the chat, open Settings > Security and follow the prompts. If it persists, open a ticket with logs, region=US, and a short description. Typical resolution: 24h.",US,chat,return request
(90) How do I handle account locked via the phone (enterprise)?,"For account locked on the phone (enterprise), visit Billing > Payments and refresh your card on file. If it persists, open a ticket with logs, region=EU, and a short description. Typical resolution: 24h.",EU,phone (enterprise),account locked
(91) How do I handle reset password via the web app?,"For reset password on the web app, go to Plans and choose the desired tier, then confirm. If it persists, open a ticket with logs, region=APAC, and a short description. Typical resolution: 24h.",APAC,web app,reset password
(92) How do I handle billing discrepancy via the mobile app?,"For billing discrepancy on the mobile app, use the cancellation flow under Plans and give a reason. If it persists, open a ticket with logs, region=LATAM, and a short description. Typical resolution: 24h.",LATAM,mobile app,billing discrepancy
(93) How do I handle upgrade plan via the email?,"For upgrade plan on the email, verify identity with the code we send and retry. If it persists, open a ticket with logs, region=US, and a short description. Typical resolution: 24h.",US,email,upgrade plan
(94) How do I handle downgrade plan via the chat?,"For downgrade plan on the chat, submit shipment ID and carrier, then check tracking. If it persists, open a ticket with logs, region=EU, and a short description. Typical resolution: 24h.",EU,chat,downgrade plan
(95) How do I handle cancel subscription via the phone (enterprise)?,"For cancel subscription on the phone (enterprise), attach proof of purchase and reason in the form. If it persists, open a ticket with logs, region=APAC, and a short description. Typical resolution: 24h.",APAC,phone (enterprise),cancel subscription
(96) How do I handle update payment method via the web app?,"For update payment method on the web app, add a backup email and regenerate recovery codes. If it persists, open a ticket with logs, region=LATAM, and a short description. Typical resolution: 24h.",LATAM,web app,update payment method
(97) How do I handle two-factor auth via the mobile app?,"For two-factor auth on the mobile app, open Settings > Security and follow the prompts. If it persists, open a ticket with logs, region=US, and a short description. Typical resolution: 24h.",US,mobile app,two-factor auth
(98) How do I handle shipping delay via the email?,"For shipping delay on the email, visit Billing > Payments and refresh your card on file. If it persists, open a ticket with logs, region=EU, and a short description. Typical resolution: 24h.",EU,email,shipping delay
(99) How do I handle return request via the chat?,"For return request on the chat, go to Plans and choose the desired tier, then confirm. If it persists, open a ticket with logs, region=APAC, and a short description. Typical resolution: 24h.",APAC,chat,return request
(100) How do I handle account locked via the phone (enterprise)?,"For account locked on the phone (enterprise), use the cancellation flow under Plans and give a reason. If it persists, open a ticket with logs, region=LATAM, and a short description. Typical resolution: 24h.",LATAM,phone (enterprise),account locked
(101) How do I handle reset password via the web app?,"For reset password on the web app, verify identity with the code we send and retry. If it persists, open a ticket with logs, region=US, and a short description. Typical resolution: 24h.",US,web app,reset password
(102) How do I handle billing discrepancy via the mobile app?,"For billing discrepancy on the mobile app, submit shipment ID and carrier, then check tracking. If it persists, open a ticket with logs, region=EU, and a short description. Typical resolution: 24h.",EU,mobile app,billing discrepancy
(103) How do I handle upgrade plan via the email?,"For upgrade plan on the email, attach proof of purchase and reason in the form. If it persists, open a ticket with logs, region=APAC, and a short description. Typical resolution: 24h.",APAC,email,upgrade plan
(104) How do I handle downgrade plan via the chat?,"For downgrade plan on the chat, add a backup email and regenerate recovery codes. If it persists, open a ticket with logs, region=LATAM, and a short description. Typical resolution: 24h.",LATAM,chat,downgrade plan
(105) How do I handle cancel subscription via the phone (enterprise)?,"For cancel subscription on the phone (enterprise), open Settings > Security and follow the prompts. If it persists, open a ticket with logs, region=US, and a short description. Typical resolution: 24h.",US,phone (enterprise),cancel subscription
(106) How do I handle update payment method via the web app?,"For update payment method on the web app, visit Billing > Payments and refresh your card on file. If it persists, open a ticket with logs, region=EU, and a short description. Typical resolution: 24h.",EU,web app,update payment method
(107) How do I handle two-factor auth via the mobile app?,"For two-factor auth on the mobile app, go to Plans and choose the desired tier, then confirm. If it persists, open a ticket with logs, region=APAC, and a short description. Typical resolution: 24h.",APAC,mobile app,two-factor auth
(108) How do I handle shipping delay via the email?,"For shipping delay on the email, use the cancellation flow under Plans and give a reason. If it persists, open a ticket with logs, region=LATAM, and a short description. Typical resolution: 24h.",LATAM,email,shipping delay
(109) How do I handle return request via the chat?,"For return request on the chat, verify identity with the code we send and retry. If it persists, open a ticket with logs, region=US, and a short description. Typical resolution: 24h.",US,chat,return request
(110) How do I handle account locked via the phone (enterprise)?,"For account locked on the phone (enterprise), submit shipment ID and carrier, then check tracking. If it persists, open a ticket with logs, region=EU, and a short description. Typical resolution: 24h.",EU,phone (enterprise),account locked
(111) How do I handle reset password via the web app?,"For reset password on the web app, attach proof of purchase and reason in the form. If it persists, open a ticket with logs, region=APAC, and a short description. Typical resolution: 24h.",APAC,web app,reset password
(112) How do I handle billing discrepancy via the mobile app?,"For billing discrepancy on the mobile app, add a backup email and regenerate recovery codes. If it persists, open a ticket with logs, region=LATAM, and a short description. Typical resolution: 24h.",LATAM,mobile app,billing discrepancy
(113) How do I handle upgrade plan via the email?,"For upgrade plan on the email, open Settings > Security and follow the prompts. If it persists, open a ticket with logs, region=US, and a short description. Typical resolution: 24h.",US,email,upgrade plan
(114) How do I handle downgrade plan via the chat?,"For downgrade plan on the chat, visit Billing > Payments and refresh your card on file. If it persists, open a ticket with logs, region=EU, and a short description. Typical resolution: 24h.",EU,chat,downgrade plan
(115) How do I handle cancel subscription via the phone (enterprise)?,"For cancel subscription on the phone (enterprise), go to Plans and choose the desired tier, then confirm. If it persists, open a ticket with logs, region=APAC, and a short description. Typical resolution: 24h.",APAC,phone (enterprise),cancel subscription
(116) How do I handle update payment method via the web app?,"For update payment method on the web app, use the cancellation flow under Plans and give a reason. If it persists, open a ticket with logs, region=LATAM, and a short description. Typical resolution: 24h.",LATAM,web app,update payment method
(117) How do I handle two-factor auth via the mobile app?,"For two-factor auth on the mobile app, verify identity with the code we send and retry. If it persists, open a ticket with logs, region=US, and a short description. Typical resolution: 24h.",US,mobile app,two-factor auth
(118) How do I handle shipping delay via the email?,"For shipping delay on the email, submit shipment ID and carrier, then check tracking. If it persists, open a ticket with logs, region=EU, and a short description. Typical resolution: 24h.",EU,email,shipping delay
(119) How do I handle return request via the chat?,"For return request on the chat, attach proof of purchase and reason in the form. If it persists, open a ticket with logs, region=APAC, and a short description. Typical resolution: 24h.",APAC,chat,return request
(120) How do I handle account locked via the phone (enterprise)?,"For account locked on the phone (enterprise), add a backup email and regenerate recovery codes. If it persists, open a ticket with logs, region=LATAM, and a short description. Typical resolution: 24h.",LATAM,phone (enterprise),account locked
(121) How do I handle reset password via the web app?,"For reset password on the web app, open Settings > Security and follow the prompts. If it persists, open a ticket with logs, region=US, and a short description. Typical resolution: 24h.",US,web app,reset password
(122) How do I handle billing discrepancy via the mobile app?,"For billing discrepancy on the mobile app, visit Billing > Payments and refresh your card on file. If it persists, open a ticket with logs, region=EU, and a short description. Typical resolution: 24h.",EU,mobile app,billing discrepancy
(123) How do I handle upgrade plan via the email?,"For upgrade plan on the email, go to Plans and choose the desired tier, then confirm. If it persists, open a ticket with logs, region=APAC, and a short description. Typical resolution: 24h.",APAC,email,upgrade plan
(124) How do I handle downgrade plan via the chat?,"For downgrade plan on the chat, use the cancellation flow under Plans and give a reason. If it persists, open a ticket with logs, region=LATAM, and a short description. Typical resolution: 24h.",LATAM,chat,downgrade plan
(125) How do I handle cancel subscription via the phone (enterprise)?,"For cancel subscription on the phone (enterprise), verify identity with the code we send and retry. If it persists, open a ticket with logs, region=US, and a short description. Typical resolution: 24h.",US,phone (enterprise),cancel subscription
(126) How do I handle update payment method via the web app?,"For update payment method on the web app, submit shipment ID and carrier, then check tracking. If it persists, open a ticket with logs, region=EU, and a short description. Typical resolution: 24h.",EU,web app,update payment method
(127) How do I handle two-factor auth via the mobile app?,"For two-factor auth on the mobile app, attach proof of purchase and reason in the form. If it persists, open a ticket with logs, region=APAC, and a short description. Typical resolution: 24h.",APAC,mobile app,two-factor auth
(128) How do I handle shipping delay via the email?,"For shipping delay on the email, add a backup email and regenerate recovery codes. If it persists, open a ticket with logs, region=LATAM, and a short description. Typical resolution: 24h.",LATAM,email,shipping delay
(129) How do I handle return request via the chat?,"For return request on the chat, open Settings > Security and follow the prompts. If it persists, open a ticket with logs, region=US, and a short description. Typical resolution: 24h.",US,chat,return request
(130) How do I handle account locked via the phone (enterprise)?,"For account locked on the phone (enterprise), visit Billing > Payments and refresh your card on file. If it persists, open a ticket with logs, region=EU, and a short description. Typical resolution: 24h.",EU,phone (enterprise),account locked
(131) How do I handle reset password via the web app?,"For reset password on the web app, go to Plans and choose the desired tier, then confirm. If it persists, open a ticket with logs, region=APAC, and a short description. Typical resolution: 24h.",APAC,web app,reset password
(132) How do I handle billing discrepancy via the mobile app?,"For billing discrepancy on the mobile app, use the cancellation flow under Plans and give a reason. If it persists, open a ticket with logs, region=LATAM, and a short description. Typical resolution: 24h.",LATAM,mobile app,billing discrepancy
(133) How do I handle upgrade plan via the email?,"For upgrade plan on the email, verify identity with the code we send and retry. If it persists, open a ticket with logs, region=US, and a short description. Typical resolution: 24h.",US,email,upgrade plan
(134) How do I handle downgrade plan via the chat?,"For downgrade plan on the chat, submit shipment ID and carrier, then check tracking. If it persists, open a ticket with logs, region=EU, and a short description. Typical resolution: 24h.",EU,chat,downgrade plan
(135) How do I handle cancel subscription via the phone (enterprise)?,"For cancel subscription on the phone (enterprise), attach proof of purchase and reason in the form. If it persists, open a ticket with logs, region=APAC, and a short description. Typical resolution: 24h.",APAC,phone (enterprise),cancel subscription
(136) How do I handle update payment method via the web app?,"For update payment method on the web app, add a backup email and regenerate recovery codes. If it persists, open a ticket with logs, region=LATAM, and a short description. Typical resolution: 24h.",LATAM,web app,update payment method
(137) How do I handle two-factor auth via the mobile app?,"For two-factor auth on the mobile app, open Settings > Security and follow the prompts. If it persists, open a ticket with logs, region=US, and a short description. Typical resolution: 24h.",US,mobile app,two-factor auth
(138) How do I handle shipping delay via the email?,"For shipping delay on the email, visit Billing > Payments and refresh your card on file. If it persists, open a ticket with logs, region=EU, and a short description. Typical resolution: 24h.",EU,email,shipping delay
(139) How do I handle return request via the chat?,"For return request on the chat, go to Plans and choose the desired tier, then confirm. If it persists, open a ticket with logs, region=APAC, and a short description. Typical resolution: 24h.",APAC,chat,return request
(140) How do I handle account locked via the phone (enterprise)?,"For account locked on the phone (enterprise), use the cancellation flow under Plans and give a reason. If it persists, open a ticket with logs, region=LATAM, and a short description. Typical resolution: 24h.",LATAM,phone (enterprise),account locked
(141) How do I handle reset password via the web app?,"For reset password on the web app, verify identity with the code we send and retry. If it persists, open a ticket with logs, region=US, and a short description. Typical resolution: 24h.",US,web app,reset password
(142) How do I handle billing discrepancy via the mobile app?,"For billing discrepancy on the mobile app, submit shipment ID and carrier, then check tracking. If it persists, open a ticket with logs, region=EU, and a short description. Typical resolution: 24h.",EU,mobile app,billing discrepancy
(143) How do I handle upgrade plan via the email?,"For upgrade plan on the email, attach proof of purchase and reason in the form. If it persists, open a ticket with logs, region=APAC, and a short description. Typical resolution: 24h.",APAC,email,upgrade plan
(144) How do I handle downgrade plan via the chat?,"For downgrade plan on the chat, add a backup email and regenerate recovery codes. If it persists, open a ticket with logs, region=LATAM, and a short description. Typical resolution: 24h.",LATAM,chat,downgrade plan
(145) How do I handle cancel subscription via the phone (enterprise)?,"For cancel subscription on the phone (enterprise), open Settings > Security and follow the prompts. If it persists, open a ticket with logs, region=US, and a short description. Typical resolution: 24h.",US,phone (enterprise),cancel subscription
(146) How do I handle update payment method via the web app?,"For update payment method on the web app, visit Billing > Payments and refresh your card on file. If it persists, open a ticket with logs, region=EU, and a short description. Typical resolution: 24h.",EU,web app,update payment method
(147) How do I handle two-factor auth via the mobile app?,"For two-factor auth on the mobile app, go to Plans and choose the desired tier, then confirm. If it persists, open a ticket with logs, region=APAC, and a short description. Typical resolution: 24h.",APAC,mobile app,two-factor auth
(148) How do I handle shipping delay via the email?,"For shipping delay on the email, use the cancellation flow under Plans and give a reason. If it persists, open a ticket with logs, region=LATAM, and a short description. Typical resolution: 24h.",LATAM,email,shipping delay
(149) How do I handle return request via the chat?,"For return request on the chat, verify identity with the code we send and retry. If it persists, open a ticket with logs, region=US, and a short description. Typical resolution: 24h.",US,chat,return request
(150) How do I handle account locked via the phone (enterprise)?,"For account locked on the phone (enterprise), submit shipment ID and carrier, then check tracking. If it persists, open a ticket with logs, region=EU, and a short description. Typical resolution: 24h.",EU,phone (enterprise),account locked
(151) How do I handle reset password via the web app?,"For reset password on the web app, attach proof of purchase and reason in the form. If it persists, open a ticket with logs, region=APAC, and a short description. Typical resolution: 24h.",APAC,web app,reset password
(152) How do I handle billing discrepancy via the mobile app?,"For billing discrepancy on the mobile app, add a backup email and regenerate recovery codes. If it persists, open a ticket with logs, region=LATAM, and a short description. Typical resolution: 24h.",LATAM,mobile app,billing discrepancy
(153) How do I handle upgrade plan via the email?,"For upgrade plan on the email, open Settings > Security and follow the prompts. If it persists, open a ticket with logs, region=US, and a short description. Typical resolution: 24h.",US,email,upgrade plan
(154) How do I handle downgrade plan via the chat?,"For downgrade plan on the chat, visit Billing > Payments and refresh your card on file. If it persists, open a ticket with logs, region=EU, and a short description. Typical resolution: 24h.",EU,chat,downgrade plan
(155) How do I handle cancel subscription via the phone (enterprise)?,"For cancel subscription on the phone (enterprise), go to Plans and choose the desired tier, then confirm. If it persists, open a ticket with logs, region=APAC, and a short description. Typical resolution: 24h.",APAC,phone (enterprise),cancel subscription
(156) How do I handle update payment method via the web app?,"For update payment method on the web app, use the cancellation flow under Plans and give a reason. If it persists, open a ticket with logs, region=LATAM, and a short description. Typical resolution: 24h.",LATAM,web app,update payment method
(157) How do I handle two-factor auth via the mobile app?,"For two-factor auth on the mobile app, verify identity with the code we send and retry. If it persists, open a ticket with logs, region=US, and a short description. Typical resolution: 24h.",US,mobile app,two-factor auth
(158) How do I handle shipping delay via the email?,"For shipping delay on the email, submit shipment ID and carrier, then check tracking. If it persists, open a ticket with logs, region=EU, and a short description. Typical resolution: 24h.",EU,email,shipping delay
(159) How do I handle return request via the chat?,"For return request on the chat, attach proof of purchase and reason in the form. If it persists, open a ticket with logs, region=APAC, and a short description. Typical resolution: 24h.",APAC,chat,return request
(160) How do I handle account locked via the phone (enterprise)?,"For account locked on the phone (enterprise), add a backup email and regenerate recovery codes. If it persists, open a ticket with logs, region=LATAM, and a short description. Typical resolution: 24h.",LATAM,phone (enterprise),account locked
(161) How do I handle reset password via the web app?,"For reset password on the web app, open Settings > Security and follow the prompts. If it persists, open a ticket with logs, region=US, and a short description. Typical resolution: 24h.",US,web app,reset password
(162) How do I handle billing discrepancy via the mobile app?,"For billing discrepancy on the mobile app, visit Billing > Payments and refresh your card on file. If it persists, open a ticket with logs, region=EU, and a short description. Typical resolution: 24h.",EU,mobile app,billing discrepancy
(163) How do I handle upgrade plan via the email?,"For upgrade plan on the email, go to Plans and choose the desired tier, then confirm. If it persists, open a ticket with logs, region=APAC, and a short description. Typical resolution: 24h.",APAC,email,upgrade plan
(164) How do I handle downgrade plan via the chat?,"For downgrade plan on the chat, use the cancellation flow under Plans and give a reason. If it persists, open a ticket with logs, region=LATAM, and a short description. Typical resolution: 24h.",LATAM,chat,downgrade plan
(165) How do I handle cancel subscription via the phone (enterprise)?,"For cancel subscription on the phone (enterprise), verify identity with the code we send and retry. If it persists, open a ticket with logs, region=US, and a short description. Typical resolution: 24h.",US,phone (enterprise),cancel subscription
(166) How do I handle update payment method via the web app?,"For update payment method on the web app, submit shipment ID and carrier, then check tracking. If it persists, open a ticket with logs, region=EU, and a short description. Typical resolution: 24h.",EU,web app,update payment method
(167) How do I handle two-factor auth via the mobile app?,"For two-factor auth on the mobile app, attach proof of purchase and reason in the form. If it persists, open a ticket with logs, region=APAC, and a short description. Typical resolution: 24h.",APAC,mobile app,two-factor auth
(168) How do I handle shipping delay via the email?,"For shipping delay on the email, add a backup email and regenerate recovery codes. If it persists, open a ticket with logs, region=LATAM, and a short description. Typical resolution: 24h.",LATAM,email,shipping delay
(169) How do I handle return request via the chat?,"For return request on the chat, open Settings > Security and follow the prompts. If it persists, open a ticket with logs, region=US, and a short description. Typical resolution: 24h.",US,chat,return request
(170) How do I handle account locked via the phone (enterprise)?,"For account locked on the phone (enterprise), visit Billing > Payments and refresh your card on file. If it persists, open a ticket with logs, region=EU, and a short description. Typical resolution: 24h.",EU,phone (enterprise),account locked
(171) How do I handle reset password via the web app?,"For reset password on the web app, go to Plans and choose the desired tier, then confirm. If it persists, open a ticket with logs, region=APAC, and a short description. Typical resolution: 24h.",APAC,web app,reset password
(172) How do I handle billing discrepancy via the mobile app?,"For billing discrepancy on the mobile app, use the cancellation flow under Plans and give a reason. If it persists, open a ticket with logs, region=LATAM, and a short description. Typical resolution: 24h.",LATAM,mobile app,billing discrepancy
(173) How do I handle upgrade plan via the email?,"For upgrade plan on the email, verify identity with the code we send and retry. If it persists, open a ticket with logs, region=US, and a short description. Typical resolution: 24h.",US,email,upgrade plan
(174) How do I handle downgrade plan via the chat?,"For downgrade plan on the chat, submit shipment ID and carrier, then check tracking. If it persists, open a ticket with logs, region=EU, and a short description. Typical resolution: 24h.",EU,chat,downgrade plan
(175) How do I handle cancel subscription via the phone (enterprise)?,"For cancel subscription on the phone (enterprise), attach proof of purchase and reason in the form. If it persists, open a ticket with logs, region=APAC, and a short description. Typical resolution: 24h.",APAC,phone (enterprise),cancel subscription
(176) How do I handle update payment method via the web app?,"For update payment method on the web app, add a backup email and regenerate recovery codes. If it persists, open a ticket with logs, region=LATAM, and a short description. Typical resolution: 24h.",LATAM,web app,update payment method
(177) How do I handle two-factor auth via the mobile app?,"For two-factor auth on the mobile app, open Settings > Security and follow the prompts. If it persists, open a ticket with logs, region=US, and a short description. Typical resolution: 24h.",US,mobile app,two-factor auth
(178) How do I handle shipping delay via the email?,"For shipping delay on the email, visit Billing > Payments and refresh your card on file. If it persists, open a ticket with logs, region=EU, and a short description. Typical resolution: 24h.",EU,email,shipping delay
(179) How do I handle return request via the chat?,"For return request on the chat, go to Plans and choose the desired tier, then confirm. If it persists, open a ticket with logs, region=APAC, and a short description. Typical resolution: 24h.",APAC,chat,return request
(180) How do I handle account locked via the phone (enterprise)?,"For account locked on the phone (enterprise), use the cancellation flow under Plans and give a reason. If it persists, open a ticket with logs, region=LATAM, and a short description. Typical resolution: 24h.",LATAM,phone (enterprise),account locked
(181) How do I handle reset password via the web app?,"For reset password on the web app, verify identity with the code we send and retry. If it persists, open a ticket with logs, region=US, and a short description. Typical resolution: 24h.",US,web app,reset password
(182) How do I handle billing discrepancy via the mobile app?,"For billing discrepancy on the mobile app, submit shipment ID and carrier, then check tracking. If it persists, open a ticket with logs, region=EU, and a short description. Typical resolution: 24h.",EU,mobile app,billing discrepancy
(183) How do I handle upgrade plan via the email?,"For upgrade plan on the email, attach proof of purchase and reason in the form. If it persists, open a ticket with logs, region=APAC, and a short description. Typical resolution: 24h.",APAC,email,upgrade plan
(184) How do I handle downgrade plan via the chat?,"For downgrade plan on the chat, add a backup email and regenerate recovery codes. If it persists, open a ticket with logs, region=LATAM, and a short description. Typical resolution: 24h.",LATAM,chat,downgrade plan
(185) How do I handle cancel subscription via the phone (enterprise)?,"For cancel subscription on the phone (enterprise), open Settings > Security and follow the prompts. If it persists, open a ticket with logs, region=US, and a short description. Typical resolution: 24h.",US,phone (enterprise),cancel subscription
(186) How do I handle update payment method via the web app?,"For update payment method on the web app, visit Billing > Payments and refresh your card on file. If it persists, open a ticket with logs, region=EU, and a short description. Typical resolution: 24h.",EU,web app,update payment method
(187) How do I handle two-factor auth via the mobile app?,"For two-factor auth on the mobile app, go to Plans and choose the desired tier, then confirm. If it persists, open a ticket with logs, region=APAC, and a short description. Typical resolution: 24h.",APAC,mobile app,two-factor auth
(188) How do I handle shipping delay via the email?,"For shipping delay on the email, use the cancellation flow under Plans and give a reason. If it persists, open a ticket with logs, region=LATAM, and a short description. Typical resolution: 24h.",LATAM,email,shipping delay
(189) How do I handle return request via the chat?,"For return request on the chat, verify identity with the code we send and retry. If it persists, open a ticket with logs, region=US, and a short description. Typical resolution: 24h.",US,chat,return request
(190) How do I handle account locked via the phone (enterprise)?,"For account locked on the phone (enterprise), submit shipment ID and carrier, then check tracking. If it persists, open a ticket with logs, region=EU, and a short description. Typical resolution: 24h.",EU,phone (enterprise),account locked
(191) How do I handle reset password via the web app?,"For reset password on the web app, attach proof of purchase and reason in the form. If it persists, open a ticket with logs, region=APAC, and a short description. Typical resolution: 24h.",APAC,web app,reset password
(192) How do I handle billing discrepancy via the mobile app?,"For billing discrepancy on the mobile app, add a backup email and regenerate recovery codes. If it persists, open a ticket with logs, region=LATAM, and a short description. Typical resolution: 24h.",LATAM,mobile app,billing discrepancy
(193) How do I handle upgrade plan via the email?,"For upgrade plan on the email, open Settings > Security and follow the prompts. If it persists, open a ticket with logs, region=US, and a short description. Typical resolution: 24h.",US,email,upgrade plan
(194) How do I handle downgrade plan via the chat?,"For downgrade plan on the chat, visit Billing > Payments and refresh your card on file. If it persists, open a ticket with logs, region=EU, and a short description. Typical resolution: 24h.",EU,chat,downgrade plan
(195) How do I handle cancel subscription via the phone (enterprise)?,"For cancel subscription on the phone (enterprise), go to Plans and choose the desired tier, then confirm. If it persists, open a ticket with logs, region=APAC, and a short description. Typical resolution: 24h.",APAC,phone (enterprise),cancel subscription
(196) How do I handle update payment method via the web app?,"For update payment method on the web app, use the cancellation flow under Plans and give a reason. If it persists, open a ticket with logs, region=LATAM, and a short description. Typical resolution: 24h.",LATAM,web app,update payment method
(197) How do I handle two-factor auth via the mobile app?,"For two-factor auth on the mobile app, verify identity with the code we send and retry. If it persists, open a ticket with logs, region=US, and a short description. Typical resolution: 24h.",US,mobile app,two-factor auth
(198) How do I handle shipping delay via the email?,"For shipping delay on the email, submit shipment ID and carrier, then check tracking. If it persists, open a ticket with logs, region=EU, and a short description. Typical resolution: 24h.",EU,email,shipping delay
(199) How do I handle return request via the chat?,"For return request on the chat, attach proof of purchase and reason in the form. If it persists, open a ticket with logs, region=APAC, and a short description. Typical resolution: 24h.",APAC,chat,return request
(200) How do I handle account locked via the phone (enterprise)?,"For account locked on the phone (enterprise), add a backup email and regenerate recovery codes. If it persists, open a ticket with logs, region=LATAM, and a short description. Typical resolution: 24h.",LATAM,phone (enterprise),account locked
(201) How do I handle reset password via the web app?,"For reset password on the web app, open Settings > Security and follow the prompts. If it persists, open a ticket with logs, region=US, and a short description. Typical resolution: 24h.",US,web app,reset password
(202) How do I handle billing discrepancy via the mobile app?,"For billing discrepancy on the mobile app, visit Billing > Payments and refresh your card on file. If it persists, open a ticket with logs, region=EU, and a short description. Typical resolution: 24h.",EU,mobile app,billing discrepancy
(203) How do I handle upgrade plan via the email?,"For upgrade plan on the email, go to Plans and choose the desired tier, then confirm. If it persists, open a ticket with logs, region=APAC, and a short description. Typical resolution: 24h.",APAC,email,upgrade plan
(204) How do I handle downgrade plan via the chat?,"For downgrade plan on the chat, use the cancellation flow under Plans and give a reason. If it persists, open a ticket with logs, region=LATAM, and a short description. Typical resolution: 24h.",LATAM,chat,downgrade plan
(205) How do I handle cancel subscription via the phone (enterprise)?,"For cancel subscription on the phone (enterprise), verify identity with the code we send and retry. If it persists, open a ticket with logs, region=US, and a short description. Typical resolution: 24h.",US,phone (enterprise),cancel subscription
(206) How do I handle update payment method via the web app?,"For update payment method on the web app, submit shipment ID and carrier, then check tracking. If it persists, open a ticket with logs, region=EU, and a short description. Typical resolution: 24h.",EU,web app,update payment method
(207) How do I handle two-factor auth via the mobile app?,"For two-factor auth on the mobile app, attach proof of purchase and reason in the form. If it persists, open a ticket with logs, region=APAC, and a short description. Typical resolution: 24h.",APAC,mobile app,two-factor auth
(208) How do I handle shipping delay via the email?,"For shipping delay on the email, add a backup email and regenerate recovery codes. If it persists, open a ticket with logs, region=LATAM, and a short description. Typical resolution: 24h.",LATAM,email,shipping delay
(209) How do I handle return request via the chat?,"For return request on the chat, open Settings > Security and follow the prompts. If it persists, open a ticket with logs, region=US, and a short description. Typical resolution: 24h.",US,chat,return request
(210) How do I handle account locked via the phone (enterprise)?,"For account locked on the phone (enterprise), visit Billing > Payments and refresh your card on file. If it persists, open a ticket with logs, region=EU, and a short description. Typical resolution: 24h.",EU,phone (enterprise),account locked
(211) How do I handle reset password via the web app?,"For reset password on the web app, go to Plans and choose the desired tier, then confirm. If it persists, open a ticket with logs, region=APAC, and a short description. Typical resolution: 24h.",APAC,web app,reset password
(212) How do I handle billing discrepancy via the mobile app?,"For billing discrepancy on the mobile app, use the cancellation flow under Plans and give a reason. If it persists, open a ticket with logs, region=LATAM, and a short description. Typical resolution: 24h.",LATAM,mobile app,billing discrepancy
(213) How do I handle upgrade plan via the email?,"For upgrade plan on the email, verify identity with the code we send and retry. If it persists, open a ticket with logs, region=US, and a short description. Typical resolution: 24h.",US,email,upgrade plan
(214) How do I handle downgrade plan via the chat?,"For downgrade plan on the chat, submit shipment ID and carrier, then check tracking. If it persists, open a ticket with logs, region=EU, and a short description. Typical resolution: 24h.",EU,chat,downgrade plan
(215) How do I handle cancel subscription via the phone (enterprise)?,"For cancel subscription on the phone (enterprise), attach proof of purchase and reason in the form. If it persists, open a ticket with logs, region=APAC, and a short description. Typical resolution: 24h.",APAC,phone (enterprise),cancel subscription
(216) How do I handle update payment method via the web app?,"For update payment method on the web app, add a backup email and regenerate recovery codes. If it persists, open a ticket with logs, region=LATAM, and a short description. Typical resolution: 24h.",LATAM,web app,update payment method
(217) How do I handle two-factor auth via the mobile app?,"For two-factor auth on the mobile app, open Settings > Security and follow the prompts. If it persists, open a ticket with logs, region=US, and a short description. Typical resolution: 24h.",US,mobile app,two-factor auth
(218) How do I handle shipping delay via the email?,"For shipping delay on the email, visit Billing > Payments and refresh your card on file. If it persists, open a ticket with logs, region=EU, and a short description. Typical resolution: 24h.",EU,email,shipping delay
(219) How do I handle return request via the chat?,"For return request on the chat, go to Plans and choose the desired tier, then confirm. If it persists, open a ticket with logs, region=APAC, and a short description. Typical resolution: 24h.",APAC,chat,return request
(220) How do I handle account locked via the phone (enterprise)?,"For account locked on the phone (enterprise), use the cancellation flow under Plans and give a reason. If it persists, open a ticket with logs, region=LATAM, and a short description. Typical resolution: 24h.",LATAM,phone (enterprise),account locked
(221) How do I handle reset password via the web app?,"For reset password on the web app, verify identity with the code we send and retry. If it persists, open a ticket with logs, region=US, and a short description. Typical resolution: 24h.",US,web app,reset password
(222) How do I handle billing discrepancy via the mobile app?,"For billing discrepancy on the mobile app, submit shipment ID and carrier, then check tracking. If it persists, open a ticket with logs, region=EU, and a short description. Typical resolution: 24h.",EU,mobile app,billing discrepancy
(223) How do I handle upgrade plan via the email?,"For upgrade plan on the email, attach proof of purchase and reason in the form. If it persists, open a ticket with logs, region=APAC, and a short description. Typical resolution: 24h.",APAC,email,upgrade plan
(224) How do I handle downgrade plan via the chat?,"For downgrade plan on the chat, add a backup email and regenerate recovery codes. If it persists, open a ticket with logs, region=LATAM, and a short description. Typical resolution: 24h.",LATAM,chat,downgrade plan
(225) How do I handle cancel subscription via the phone (enterprise)?,"For cancel subscription on the phone (enterprise), open Settings > Security and follow the prompts. If it persists, open a ticket with logs, region=US, and a short description. Typical resolution: 24h.",US,phone (enterprise),cancel subscription
(226) How do I handle update payment method via the web app?,"For update payment method on the web app, visit Billing > Payments and refresh your card on file. If it persists, open a ticket with logs, region=EU, and a short description. Typical resolution: 24h.",EU,web app,update payment method
(227) How do I handle two-factor auth via the mobile app?,"For two-factor auth on the mobile app, go to Plans and choose the desired tier, then confirm. If it persists, open a ticket with logs, region=APAC, and a short description. Typical resolution: 24h.",APAC,mobile app,two-factor auth
(228) How do I handle shipping delay via the email?,"For shipping delay on the email, use the cancellation flow under Plans and give a reason. If it persists, open a ticket with logs, region=LATAM, and a short description. Typical resolution: 24h.",LATAM,email,shipping delay
(229) How do I handle return request via the chat?,"For return request on the chat, verify identity with the code we send and retry. If it persists, open a ticket with logs, region=US, and a short description. Typical resolution: 24h.",US,chat,return request
(230) How do I handle account locked via the phone (enterprise)?,"For account locked on the phone (enterprise), submit shipment ID and carrier, then check tracking. If it persists, open a ticket with logs, region=EU, and a short description. Typical resolution: 24h.",EU,phone (enterprise),account locked
(231) How do I handle reset password via the web app?,"For reset password on the web app, attach proof of purchase and reason in the form. If it persists, open a ticket with logs, region=APAC, and a short description. Typical resolution: 24h.",APAC,web app,reset password
(232) How do I handle billing discrepancy via the mobile app?,"For billing discrepancy on the mobile app, add a backup email and regenerate recovery codes. If it persists, open a ticket with logs, region=LATAM, and a short description. Typical resolution: 24h.",LATAM,mobile app,billing discrepancy
(233) How do I handle upgrade plan via the email?,"For upgrade plan on the email, open Settings > Security and follow the prompts. If it persists, open a ticket with logs, region=US, and a short description. Typical resolution: 24h.",US,email,upgrade plan
(234) How do I handle downgrade plan via the chat?,"For downgrade plan on the chat, visit Billing > Payments and refresh your card on file. If it persists, open a ticket with logs, region=EU, and a short description. Typical resolution: 24h.",EU,chat,downgrade plan
(235) How do I handle cancel subscription via the phone (enterprise)?,"For cancel subscription on the phone (enterprise), go to Plans and choose the desired tier, then confirm. If it persists, open a ticket with logs, region=APAC, and a short description. Typical resolution: 24h.",APAC,phone (enterprise),cancel subscription
(236) How do I handle update payment method via the web app?,"For update payment method on the web app, use the cancellation flow under Plans and give a reason. If it persists, open a ticket with logs, region=LATAM, and a short description. Typical resolution: 24h.",LATAM,web app,update payment method
(237) How do I handle two-factor auth via the mobile app?,"For two-factor auth on the mobile app, verify identity with the code we send and retry. If it persists, open a ticket with logs, region=US, and a short description. Typical resolution: 24h.",US,mobile app,two-factor auth
(238) How do I handle shipping delay via the email?,"For shipping delay on the email, submit shipment ID and carrier, then check tracking. If it persists, open a ticket with logs, region=EU, and a short description. Typical resolution: 24h.",EU,email,shipping delay
(239) How do I handle return request via the chat?,"For return request on the chat, attach proof of purchase and reason in the form. If it persists, open a ticket with logs, region=APAC, and a short description. Typical resolution: 24h.",APAC,chat,return request
(240) How do I handle account locked via the phone (enterprise)?,"For account locked on the phone (enterprise), add a backup email and regenerate recovery codes. If it persists, open a ticket with logs, region=LATAM, and a short description. Typical resolution: 24h.",LATAM,phone (enterprise),account locked
(241) How do I handle reset password via the web app?,"For reset password on the web app, open Settings > Security and follow the prompts. If it persists, open a ticket with logs, region=US, and a short description. Typical resolution: 24h.",US,web app,reset password
(242) How do I handle billing discrepancy via the mobile app?,"For billing discrepancy on the mobile app, visit Billing > Payments and refresh your card on file. If it persists, open a ticket with logs, region=EU, and a short description. Typical resolution: 24h.",EU,mobile app,billing discrepancy
(243) How do I handle upgrade plan via the email?,"For upgrade plan on the email, go to Plans and choose the desired tier, then confirm. If it persists, open a ticket with logs, region=APAC, and a short description. Typical resolution: 24h.",APAC,email,upgrade plan
(244) How do I handle downgrade plan via the chat?,"For downgrade plan on the chat, use the cancellation flow under Plans and give a reason. If it persists, open a ticket with logs, region=LATAM, and a short description. Typical resolution: 24h.",LATAM,chat,downgrade plan
(245) How do I handle cancel subscription via the phone (enterprise)?,"For cancel subscription on the phone (enterprise), verify identity with the code we send and retry. If it persists, open a ticket with logs, region=US, and a short description. Typical resolution: 24h.",US,phone (enterprise),cancel subscription
(246) How do I handle update payment method via the web app?,"For update payment method on the web app, submit shipment ID and carrier, then check tracking. If it persists, open a ticket with logs, region=EU, and a short description. Typical resolution: 24h.",EU,web app,update payment method
(247) How do I handle two-factor auth via the mobile app?,"For two-factor auth on the mobile app, attach proof of purchase and reason in the form. If it persists, open a ticket with logs, region=APAC, and a short description. Typical resolution: 24h.",APAC,mobile app,two-factor auth
(248) How do I handle shipping delay via the email?,"For shipping delay on the email, add a backup email and regenerate recovery codes. If it persists, open a ticket with logs, region=LATAM, and a short description. Typical resolution: 24h.",LATAM,email,shipping delay
(249) How do I handle return request via the chat?,"For return request on the chat, open Settings > Security and follow the prompts. If it persists, open a ticket with logs, region=US, and a short description. Typical resolution: 24h.",US,chat,return request
(250) How do I handle account locked via the phone (enterprise)?,"For account locked on the phone (enterprise), visit Billing > Payments and refresh your card on file. If it persists, open a ticket with logs, region=EU, and a short description. Typical resolution: 24h.",EU,phone (enterprise),account locked
(251) How do I handle reset password via the web app?,"For reset password on the web app, go to Plans and choose the desired tier, then confirm. If it persists, open a ticket with logs, region=APAC, and a short description. Typical resolution: 24h.",APAC,web app,reset password
(252) How do I handle billing discrepancy via the mobile app?,"For billing discrepancy on the mobile app, use the cancellation flow under Plans and give a reason. If it persists, open a ticket with logs, region=LATAM, and a short description. Typical resolution: 24h.",LATAM,mobile app,billing discrepancy
(253) How do I handle upgrade plan via the email?,"For upgrade plan on the email, verify identity with the code we send and retry. If it persists, open a ticket with logs, region=US, and a short description. Typical resolution: 24h.",US,email,upgrade plan
(254) How do I handle downgrade plan via the chat?,"For downgrade plan on the chat, submit shipment ID and carrier, then check tracking. If it persists, open a ticket with logs, region=EU, and a short description. Typical resolution: 24h.",EU,chat,downgrade plan
(255) How do I handle cancel subscription via the phone (enterprise)?,"For cancel subscription on the phone (enterprise), attach proof of purchase and reason in the form. If it persists, open a ticket with logs, region=APAC, and a short description. Typical resolution: 24h.",APAC,phone (enterprise),cancel subscription
(256) How do I handle update payment method via the web app?,"For update payment method on the web app, add a backup email and regenerate recovery codes. If it persists, open a ticket with logs, region=LATAM, and a short description. Typical resolution: 24h.",LATAM,web app,update payment method
(257) How do I handle two-factor auth via the mobile app?,"For two-factor auth on the mobile app, open Settings > Security and follow the prompts. If it persists, open a ticket with logs, region=US, and a short description. Typical resolution: 24h.",US,mobile app,two-factor auth
(258) How do I handle shipping delay via the email?,"For shipping delay on the email, visit Billing > Payments and refresh your card on file. If it persists, open a ticket with logs, region=EU, and a short description. Typical resolution: 24h.",EU,email,shipping delay
(259) How do I handle return request via the chat?,"For return request on the chat, go to Plans and choose the desired tier, then confirm. If it persists, open a ticket with logs, region=APAC, and a short description. Typical resolution: 24h.",APAC,chat,return request
(260) How do I handle account locked via the phone (enterprise)?,"For account locked on the phone (enterprise), use the cancellation flow under Plans and give a reason. If it persists, open a ticket with logs, region=LATAM, and a short description. Typical resolution: 24h.",LATAM,phone (enterprise),account locked
(261) How do I handle reset password via the web app?,"For reset password on the web app, verify identity with the code we send and retry. If it persists, open a ticket with logs, region=US, and a short description. Typical resolution: 24h.",US,web app,reset password
(262) How do I handle billing discrepancy via the mobile app?,"For billing discrepancy on the mobile app, submit shipment ID and carrier, then check tracking. If it persists, open a ticket with logs, region=EU, and a short description. Typical resolution: 24h.",EU,mobile app,billing discrepancy
(263) How do I handle upgrade plan via the email?,"For upgrade plan on the email, attach proof of purchase and reason in the form. If it persists, open a ticket with logs, region=APAC, and a short description. Typical resolution: 24h.",APAC,email,upgrade plan
(264) How do I handle downgrade plan via the chat?,"For downgrade plan on the chat, add a backup email and regenerate recovery codes. If it persists, open a ticket with logs, region=LATAM, and a short description. Typical resolution: 24h.",LATAM,chat,downgrade plan
(265) How do I handle cancel subscription via the phone (enterprise)?,"For cancel subscription on the phone (enterprise), open Settings > Security and follow the prompts. If it persists, open a ticket with logs, region=US, and a short description. Typical resolution: 24h.",US,phone (enterprise),cancel subscription
(266) How do I handle update payment method via the web app?,"For update payment method on the web app, visit Billing > Payments and refresh your card on file. If it persists, open a ticket with logs, region=EU, and a short description. Typical resolution: 24h.",EU,web app,update payment method
(267) How do I handle two-factor auth via the mobile app?,"For two-factor auth on the mobile app, go to Plans and choose the desired tier, then confirm. If it persists, open a ticket with logs, region=APAC, and a short description. Typical resolution: 24h.",APAC,mobile app,two-factor auth
(268) How do I handle shipping delay via the email?,"For shipping delay on the email, use the cancellation flow under Plans and give a reason. If it persists, open a ticket with logs, region=LATAM, and a short description. Typical resolution: 24h.",LATAM,email,shipping delay
(269) How do I handle return request via the chat?,"For return request on the chat, verify identity with the code we send and retry. If it persists, open a ticket with logs, region=US, and a short description. Typical resolution: 24h.",US,chat,return request
(270) How do I handle account locked via the phone (enterprise)?,"For account locked on the phone (enterprise), submit shipment ID and carrier, then check tracking. If it persists, open a ticket with logs, region=EU, and a short description. Typical resolution: 24h.",EU,phone (enterprise),account locked
(271) How do I handle reset password via the web app?,"For reset password on the web app, attach proof of purchase and reason in the form. If it persists, open a ticket with logs, region=APAC, and a short description. Typical resolution: 24h.",APAC,web app,reset password
(272) How do I handle billing discrepancy via the mobile app?,"For billing discrepancy on the mobile app, add a backup email and regenerate recovery codes. If it persists, open a ticket with logs, region=LATAM, and a short description. Typical resolution: 24h.",LATAM,mobile app,billing discrepancy
(273) How do I handle upgrade plan via the email?,"For upgrade plan on the email, open Settings > Security and follow the prompts. If it persists, open a ticket with logs, region=US, and a short description. Typical resolution: 24h.",US,email,upgrade plan
(274) How do I handle downgrade plan via the chat?,"For downgrade plan on the chat, visit Billing > Payments and refresh your card on file. If it persists, open a ticket with logs, region=EU, and a short description. Typical resolution: 24h.",EU,chat,downgrade plan
(275) How do I handle cancel subscription via the phone (enterprise)?,"For cancel subscription on the phone (enterprise), go to Plans and choose the desired tier, then confirm. If it persists, open a ticket with logs, region=APAC, and a short description. Typical resolution: 24h.",APAC,phone (enterprise),cancel subscription
(276) How do I handle update payment method via the web app?,"For update payment method on the web app, use the cancellation flow under Plans and give a reason. If it persists, open a ticket with logs, region=LATAM, and a short description. Typical resolution: 24h.",LATAM,web app,update payment method
(277) How do I handle two-factor auth via the mobile app?,"For two-factor auth on the mobile app, verify identity with the code we send and retry. If it persists, open a ticket with logs, region=US, and a short description. Typical resolution: 24h.",US,mobile app,two-factor auth
(278) How do I handle shipping delay via the email?,"For shipping delay on the email, submit shipment ID and carrier, then check tracking. If it persists, open a ticket with logs, region=EU, and a short description. Typical resolution: 24h.",EU,email,shipping delay
(279) How do I handle return request via the chat?,"For return request on the chat, attach proof of purchase and reason in the form. If it persists, open a ticket with logs, region=APAC, and a short description. Typical resolution: 24h.",APAC,chat,return request
(280) How do I handle account locked via the phone (enterprise)?,"For account locked on the phone (enterprise), add a backup email and regenerate recovery codes. If it persists, open a ticket with logs, region=LATAM, and a short description. Typical resolution: 24h.",LATAM,phone (enterprise),account locked
(281) How do I handle reset password via the web app?,"For reset password on the web app, open Settings > Security and follow the prompts. If it persists, open a ticket with logs, region=US, and a short description. Typical resolution: 24h.",US,web app,reset password
(282) How do I handle billing discrepancy via the mobile app?,"For billing discrepancy on the mobile app, visit Billing > Payments and refresh your card on file. If it persists, open a ticket with logs, region=EU, and a short description. Typical resolution: 24h.",EU,mobile app,billing discrepancy
(283) How do I handle upgrade plan via the email?,"For upgrade plan on the email, go to Plans and choose the desired tier, then confirm. If it persists, open a ticket with logs, region=APAC, and a short description. Typical resolution: 24h.",APAC,email,upgrade plan
(284) How do I handle downgrade plan via the chat?,"For downgrade plan on the chat, use the cancellation flow under Plans and give a reason. If it persists, open a ticket with logs, region=LATAM, and a short description. Typical resolution: 24h.",LATAM,chat,downgrade plan
(285) How do I handle cancel subscription via the phone (enterprise)?,"For cancel subscription on the phone (enterprise), verify identity with the code we send and retry. If it persists, open a ticket with logs, region=US, and a short description. Typical resolution: 24h.",US,phone (enterprise),cancel subscription
(286) How do I handle update payment method via the web app?,"For update payment method on the web app, submit shipment ID and carrier, then check tracking. If it persists, open a ticket with logs, region=EU, and a short description. Typical resolution: 24h.",EU,web app,update payment method
(287) How do I handle two-factor auth via the mobile app?,"For two-factor auth on the mobile app, attach proof of purchase and reason in the form. If it persists, open a ticket with logs, region=APAC, and a short description. Typical resolution: 24h.",APAC,mobile app,two-factor auth
(288) How do I handle shipping delay via the email?,"For shipping delay on the email, add a backup email and regenerate recovery codes. If it persists, open a ticket with logs, region=LATAM, and a short description. Typical resolution: 24h.",LATAM,email,shipping delay
(289) How do I handle return request via the chat?,"For return request on the chat, open Settings > Security and follow the prompts. If it persists, open a ticket with logs, region=US, and a short description. Typical resolution: 24h.",US,chat,return request
(290) How do I handle account locked via the phone (enterprise)?,"For account locked on the phone (enterprise), visit Billing > Payments and refresh your card on file. If it persists, open a ticket with logs, region=EU, and a short description. Typical resolution: 24h.",EU,phone (enterprise),account locked
(291) How do I handle reset password via the web app?,"For reset password on the web app, go to Plans and choose the desired tier, then confirm. If it persists, open a ticket with logs, region=APAC, and a short description. Typical resolution: 24h.",APAC,web app,reset password
(292) How do I handle billing discrepancy via the mobile app?,"For billing discrepancy on the mobile app, use the cancellation flow under Plans and give a reason. If it persists, open a ticket with logs, region=LATAM, and a short description. Typical resolution: 24h.",LATAM,mobile app,billing discrepancy
(293) How do I handle upgrade plan via the email?,"For upgrade plan on the email, verify identity with the code we send and retry. If it persists, open a ticket with logs, region=US, and a short description. Typical resolution: 24h.",US,email,upgrade plan
(294) How do I handle downgrade plan via the chat?,"For downgrade plan on the chat, submit shipment ID and carrier, then check tracking. If it persists, open a ticket with logs, region=EU, and a short description. Typical resolution: 24h.",EU,chat,downgrade plan
(295) How do I handle cancel subscription via the phone (enterprise)?,"For cancel subscription on the phone (enterprise), attach proof of purchase and reason in the form. If it persists, open a ticket with logs, region=APAC, and a short description. Typical resolution: 24h.",APAC,phone (enterprise),cancel subscription
(296) How do I handle update payment method via the web app?,"For update payment method on the web app, add a backup email and regenerate recovery codes. If it persists, open a ticket with logs, region=LATAM, and a short description. Typical resolution: 24h.",LATAM,web app,update payment method
(297) How do I handle two-factor auth via the mobile app?,"For two-factor auth on the mobile app, open Settings > Security and follow the prompts. If it persists, open a ticket with logs, region=US, and a short description. Typical resolution: 24h.",US,mobile app,two-factor auth
(298) How do I handle shipping delay via the email?,"For shipping delay on the email, visit Billing > Payments and refresh your card on file. If it persists, open a ticket with logs, region=EU, and a short description. Typical resolution: 24h.",EU,email,shipping delay
(299) How do I handle return request via the chat?,"For return request on the chat, go to Plans and choose the desired tier, then confirm. If it persists, open a ticket with logs, region=APAC, and a short description. Typical resolution: 24h.",APAC,chat,return request
(300) How do I handle account locked via the phone (enterprise)?,"For account locked on the phone (enterprise), use the cancellation flow under Plans and give a reason. If it persists, open a ticket with logs, region=LATAM, and a short description. Typical resolution: 24h.",LATAM,phone (enterprise),account locked
(301) How do I handle reset password via the web app?,"For reset password on the web app, verify identity with the code we send and retry. If it persists, open a ticket with logs, region=US, and a short description. Typical resolution: 24h.",US,web app,reset password
(302) How do I handle billing discrepancy via the mobile app?,"For billing discrepancy on the mobile app, submit shipment ID and carrier, then check tracking. If it persists, open a ticket with logs, region=EU, and a short description. Typical resolution: 24h.",EU,mobile app,billing discrepancy
(303) How do I handle upgrade plan via the email?,"For upgrade plan on the email, attach proof of purchase and reason in the form. If it persists, open a ticket with logs, region=APAC, and a short description. Typical resolution: 24h.",APAC,email,upgrade plan
(304) How do I handle downgrade plan via the chat?,"For downgrade plan on the chat, add a backup email and regenerate recovery codes. If it persists, open a ticket with logs, region=LATAM, and a short description. Typical resolution: 24h.",LATAM,chat,downgrade plan
(305) How do I handle cancel subscription via the phone (enterprise)?,"For cancel subscription on the phone (enterprise), open Settings > Security and follow the prompts. If it persists, open a ticket with logs, region=US, and a short description. Typical resolution: 24h.",US,phone (enterprise),cancel subscription
(306) How do I handle update payment method via the web app?,"For update payment method on the web app, visit Billing > Payments and refresh your card on file. If it persists, open a ticket with logs, region=EU, and a short description. Typical resolution: 24h.",EU,web app,update payment method
(307) How do I handle two-factor auth via the mobile app?,"For two-factor auth on the mobile app, go to Plans and choose the desired tier, then confirm. If it persists, open a ticket with logs, region=APAC, and a short description. Typical resolution: 24h.",APAC,mobile app,two-factor auth
(308) How do I handle shipping delay via the email?,"For shipping delay on the email, use the cancellation flow under Plans and give a reason. If it persists, open a ticket with logs, region=LATAM, and a short description. Typical resolution: 24h.",LATAM,email,shipping delay
(309) How do I handle return request via the chat?,"For return request on the chat, verify identity with the code we send and retry. If it persists, open a ticket with logs, region=US, and a short description. Typical resolution: 24h.",US,chat,return request
(310) How do I handle account locked via the phone (enterprise)?,"For account locked on the phone (enterprise), submit shipment ID and carrier, then check tracking. If it persists, open a ticket with logs, region=EU, and a short description. Typical resolution: 24h.",EU,phone (enterprise),account locked
(311) How do I handle reset password via the web app?,"For reset password on the web app, attach proof of purchase and reason in the form. If it persists, open a ticket with logs, region=APAC, and a short description. Typical resolution: 24h.",APAC,web app,reset password
(312) How do I handle billing discrepancy via the mobile app?,"For billing discrepancy on the mobile app, add a backup email and regenerate recovery codes. If it persists, open a ticket with logs, region=LATAM, and a short description. Typical resolution: 24h.",LATAM,mobile app,billing discrepancy
(313) How do I handle upgrade plan via the email?,"For upgrade plan on the email, open Settings > Security and follow the prompts. If it persists, open a ticket with logs, region=US, and a short description. Typical resolution: 24h.",US,email,upgrade plan
(314) How do I handle downgrade plan via the chat?,"For downgrade plan on the chat, visit Billing > Payments and refresh your card on file. If it persists, open a ticket with logs, region=EU, and a short description. Typical resolution: 24h.",EU,chat,downgrade plan
(315) How do I handle cancel subscription via the phone (enterprise)?,"For cancel subscription on the phone (enterprise), go to Plans and choose the desired tier, then confirm. If it persists, open a ticket with logs, region=APAC, and a short description. Typical resolution: 24h.",APAC,phone (enterprise),cancel subscription
(316) How do I handle update payment method via the web app?,"For update payment method on the web app, use the cancellation flow under Plans and give a reason. If it persists, open a ticket with logs, region=LATAM, and a short description. Typical resolution: 24h.",LATAM,web app,update payment method
(317) How do I handle two-factor auth via the mobile app?,"For two-factor auth on the mobile app, verify identity with the code we send and retry. If it persists, open a ticket with logs, region=US, and a short description. Typical resolution: 24h.",US,mobile app,two-factor auth
(318) How do I handle shipping delay via the email?,"For shipping delay on the email, submit shipment ID and carrier, then check tracking. If it persists, open a ticket with logs, region=EU, and a short description. Typical resolution: 24h.",EU,email,shipping delay
(319) How do I handle return request via the chat?,"For return request on the chat, attach proof of purchase and reason in the form. If it persists, open a ticket with logs, region=APAC, and a short description. Typical resolution: 24h.",APAC,chat,return request
(320) How do I handle account locked via the phone (enterprise)?,"For account locked on the phone (enterprise), add a backup email and regenerate recovery codes. If it persists, open a ticket with logs, region=LATAM, and a short description. Typical resolution: 24h.",LATAM,phone (enterprise),account locked
(321) How do I handle reset password via the web app?,"For reset password on the web app, open Settings > Security and follow the prompts. If it persists, open a ticket with logs, region=US, and a short description. Typical resolution: 24h.",US,web app,reset password
(322) How do I handle billing discrepancy via the mobile app?,"For billing discrepancy on the mobile app, visit Billing > Payments and refresh your card on file. If it persists, open a ticket with logs, region=EU, and a short description. Typical resolution: 24h.",EU,mobile app,billing discrepancy
(323) How do I handle upgrade plan via the email?,"For upgrade plan on the email, go to Plans and choose the desired tier, then confirm. If it persists, open a ticket with logs, region=APAC, and a short description. Typical resolution: 24h.",APAC,email,upgrade plan
(324) How do I handle downgrade plan via the chat?,"For downgrade plan on the chat, use the cancellation flow under Plans and give a reason. If it persists, open a ticket with logs, region=LATAM, and a short description. Typical resolution: 24h.",LATAM,chat,downgrade plan
(325) How do I handle cancel subscription via the phone (enterprise)?,"For cancel subscription on the phone (enterprise), verify identity with the code we send and retry. If it persists, open a ticket with logs, region=US, and a short description. Typical resolution: 24h.",US,phone (enterprise),cancel subscription
(326) How do I handle update payment method via the web app?,"For update payment method on the web app, submit shipment ID and carrier, then check tracking. If it persists, open a ticket with logs, region=EU, and a short description. Typical resolution: 24h.",EU,web app,update payment method
(327) How do I handle two-factor auth via the mobile app?,"For two-factor auth on the mobile app, attach proof of purchase and reason in the form. If it persists, open a ticket with logs, region=APAC, and a short description. Typical resolution: 24h.",APAC,mobile app,two-factor auth
(328) How do I handle shipping delay via the email?,"For shipping delay on the email, add a backup email and regenerate recovery codes. If it persists, open a ticket with logs, region=LATAM, and a short description. Typical resolution: 24h.",LATAM,email,shipping delay
(329) How do I handle return request via the chat?,"For return request on the chat, open Settings > Security and follow the prompts. If it persists, open a ticket with logs, region=US, and a short description. Typical resolution: 24h.",US,chat,return request
(330) How do I handle account locked via the phone (enterprise)?,"For account locked on the phone (enterprise), visit Billing > Payments and refresh your card on file. If it persists, open a ticket with logs, region=EU, and a short description. Typical resolution: 24h.",EU,phone (enterprise),account locked
(331) How do I handle reset password via the web app?,"For reset password on the web app, go to Plans and choose the desired tier, then confirm. If it persists, open a ticket with logs, region=APAC, and a short description. Typical resolution: 24h.",APAC,web app,reset password
(332) How do I handle billing discrepancy via the mobile app?,"For billing discrepancy on the mobile app, use the cancellation flow under Plans and give a reason. If it persists, open a ticket with logs, region=LATAM, and a short description. Typical resolution: 24h.",LATAM,mobile app,billing discrepancy
(333) How do I handle upgrade plan via the email?,"For upgrade plan on the email, verify identity with the code we send and retry. If it persists, open a ticket with logs, region=US, and a short description. Typical resolution: 24h.",US,email,upgrade plan
(334) How do I handle downgrade plan via the chat?,"For downgrade plan on the chat, submit shipment ID and carrier, then check tracking. If it persists, open a ticket with logs, region=EU, and a short description. Typical resolution: 24h.",EU,chat,downgrade plan
(335) How do I handle cancel subscription via the phone (enterprise)?,"For cancel subscription on the phone (enterprise), attach proof of purchase and reason in the form. If it persists, open a ticket with logs, region=APAC, and a short description. Typical resolution: 24h.",APAC,phone (enterprise),cancel subscription
(336) How do I handle update payment method via the web app?,"For update payment method on the web app, add a backup email and regenerate recovery codes. If it persists, open a ticket with logs, region=LATAM, and a short description. Typical resolution: 24h.",LATAM,web app,update payment method
(337) How do I handle two-factor auth via the mobile app?,"For two-factor auth on the mobile app, open Settings > Security and follow the prompts. If it persists, open a ticket with logs, region=US, and a short description. Typical resolution: 24h.",US,mobile app,two-factor auth
(338) How do I handle shipping delay via the email?,"For shipping delay on the email, visit Billing > Payments and refresh your card on file. If it persists, open a ticket with logs, region=EU, and a short description. Typical resolution: 24h.",EU,email,shipping delay
(339) How do I handle return request via the chat?,"For return request on the chat, go to Plans and choose the desired tier, then confirm. If it persists, open a ticket with logs, region=APAC, and a short description. Typical resolution: 24h.",APAC,chat,return request
(340) How do I handle account locked via the phone (enterprise)?,"For account locked on the phone (enterprise), use the cancellation flow under Plans and give a reason. If it persists, open a ticket with logs, region=LATAM, and a short description. Typical resolution: 24h.",LATAM,phone (enterprise),account locked
(341) How do I handle reset password via the web app?,"For reset password on the web app, verify identity with the code we send and retry. If it persists, open a ticket with logs, region=US, and a short description. Typical resolution: 24h.",US,web app,reset password
(342) How do I handle billing discrepancy via the mobile app?,"For billing discrepancy on the mobile app, submit shipment ID and carrier, then check tracking. If it persists, open a ticket with logs, region=EU, and a short description. Typical resolution: 24h.",EU,mobile app,billing discrepancy
(343) How do I handle upgrade plan via the email?,"For upgrade plan on the email, attach proof of purchase and reason in the form. If it persists, open a ticket with logs, region=APAC, and a short description. Typical resolution: 24h.",APAC,email,upgrade plan
(344) How do I handle downgrade plan via the chat?,"For downgrade plan on the chat, add a backup email and regenerate recovery codes. If it persists, open a ticket with logs, region=LATAM, and a short description. Typical resolution: 24h.",LATAM,chat,downgrade plan
(345) How do I handle cancel subscription via the phone (enterprise)?,"For cancel subscription on the phone (enterprise), open Settings > Security and follow the prompts. If it persists, open a ticket with logs, region=US, and a short description. Typical resolution: 24h.",US,phone (enterprise),cancel subscription
(346) How do I handle update payment method via the web app?,"For update payment method on the web app, visit Billing > Payments and refresh your card on file. If it persists, open a ticket with logs, region=EU, and a short description. Typical resolution: 24h.",EU,web app,update payment method
(347) How do I handle two-factor auth via the mobile app?,"For two-factor auth on the mobile app, go to Plans and choose the desired tier, then confirm. If it persists, open a ticket with logs, region=APAC, and a short description. Typical resolution: 24h.",APAC,mobile app,two-factor auth
(348) How do I handle shipping delay via the email?,"For shipping delay on the email, use the cancellation flow under Plans and give a reason. If it persists, open a ticket with logs, region=LATAM, and a short description. Typical resolution: 24h.",LATAM,email,shipping delay
(349) How do I handle return request via the chat?,"For return request on the chat, verify identity with the code we send and retry. If it persists, open a ticket with logs, region=US, and a short description. Typical resolution: 24h.",US,chat,return request
(350) How do I handle account locked via the phone (enterprise)?,"For account locked on the phone (enterprise), submit shipment ID and carrier, then check tracking. If it persists, open a ticket with logs, region=EU, and a short description. Typical resolution: 24h.",EU,phone (enterprise),account locked
(351) How do I handle reset password via the web app?,"For reset password on the web app, attach proof of purchase and reason in the form. If it persists, open a ticket with logs, region=APAC, and a short description. Typical resolution: 24h.",APAC,web app,reset password
(352) How do I handle billing discrepancy via the mobile app?,"For billing discrepancy on the mobile app, add a backup email and regenerate recovery codes. If it persists, open a ticket with logs, region=LATAM, and a short description. Typical resolution: 24h.",LATAM,mobile app,billing discrepancy
(353) How do I handle upgrade plan via the email?,"For upgrade plan on the email, open Settings > Security and follow the prompts. If it persists, open a ticket with logs, region=US, and a short description. Typical resolution: 24h.",US,email,upgrade plan
(354) How do I handle downgrade plan via the chat?,"For downgrade plan on the chat, visit Billing > Payments and refresh your card on file. If it persists, open a ticket with logs, region=EU, and a short description. Typical resolution: 24h.",EU,chat,downgrade plan
(355) How do I handle cancel subscription via the phone (enterprise)?,"For cancel subscription on the phone (enterprise), go to Plans and choose the desired tier, then confirm. If it persists, open a ticket with logs, region=APAC, and a short description. Typical resolution: 24h.",APAC,phone (enterprise),cancel subscription
(356) How do I handle update payment method via the web app?,"For update payment method on the web app, use the cancellation flow under Plans and give a reason. If it persists, open a ticket with logs, region=LATAM, and a short description. Typical resolution: 24h.",LATAM,web app,update payment method
(357) How do I handle two-factor auth via the mobile app?,"For two-factor auth on the mobile app, verify identity with the code we send and retry. If it persists, open a ticket with logs, region=US, and a short description. Typical resolution: 24h.",US,mobile app,two-factor auth
(358) How do I handle shipping delay via the email?,"For shipping delay on the email, submit shipment ID and carrier, then check tracking. If it persists, open a ticket with logs, region=EU, and a short description. Typical resolution: 24h.",EU,email,shipping delay
(359) How do I handle return request via the chat?,"For return request on the chat, attach proof of purchase and reason in the form. If it persists, open a ticket with logs, region=APAC, and a short description. Typical resolution: 24h.",APAC,chat,return request
(360) How do I handle account locked via the phone (enterprise)?,"For account locked on the phone (enterprise), add a backup email and regenerate recovery codes. If it persists, open a ticket with logs, region=LATAM, and a short description. Typical resolution: 24h.",LATAM,phone (enterprise),account locked
(361) How do I handle reset password via the web app?,"For reset password on the web app, open Settings > Security and follow the prompts. If it persists, open a ticket with logs, region=US, and a short description. Typical resolution: 24h.",US,web app,reset password
(362) How do I handle billing discrepancy via the mobile app?,"For billing discrepancy on the mobile app, visit Billing > Payments and refresh your card on file. If it persists, open a ticket with logs, region=EU, and a short description. Typical resolution: 24h.",EU,mobile app,billing discrepancy
(363) How do I handle upgrade plan via the email?,"For upgrade plan on the email, go to Plans and choose the desired tier, then confirm. If it persists, open a ticket with logs, region=APAC, and a short description. Typical resolution: 24h.",APAC,email,upgrade plan
(364) How do I handle downgrade plan via the chat?,"For downgrade plan on the chat, use the cancellation flow under Plans and give a reason. If it persists, open a ticket with logs, region=LATAM, and a short description. Typical resolution: 24h.",LATAM,chat,downgrade plan
(365) How do I handle cancel subscription via the phone (enterprise)?,"For cancel subscription on the phone (enterprise), verify identity with the code we send and retry. If it persists, open a ticket with logs, region=US, and a short description. Typical resolution: 24h.",US,phone (enterprise),cancel subscription
(366) How do I handle update payment method via the web app?,"For update payment method on the web app, submit shipment ID and carrier, then check tracking. If it persists, open a ticket with logs, region=EU, and a short description. Typical resolution: 24h.",EU,web app,update payment method
(367) How do I handle two-factor auth via the mobile app?,"For two-factor auth on the mobile app, attach proof of purchase and reason in the form. If it persists, open a ticket with logs, region=APAC, and a short description. Typical resolution: 24h.",APAC,mobile app,two-factor auth
(368) How do I handle shipping delay via the email?,"For shipping delay on the email, add a backup email and regenerate recovery codes. If it persists, open a ticket with logs, region=LATAM, and a short description. Typical resolution: 24h.",LATAM,email,shipping delay
(369) How do I handle return request via the chat?,"For return request on the chat, open Settings > Security and follow the prompts. If it persists, open a ticket with logs, region=US, and a short description. Typical resolution: 24h.",US,chat,return request
(370) How do I handle account locked via the phone (enterprise)?,"For account locked on the phone (enterprise), visit Billing > Payments and refresh your card on file. If it persists, open a ticket with logs, region=EU, and a short description. Typical resolution: 24h.",EU,phone (enterprise),account locked
(371) How do I handle reset password via the web app?,"For reset password on the web app, go to Plans and choose the desired tier, then confirm. If it persists, open a ticket with logs, region=APAC, and a short description. Typical resolution: 24h.",APAC,web app,reset password
(372) How do I handle billing discrepancy via the mobile app?,"For billing discrepancy on the mobile app, use the cancellation flow under Plans and give a reason. If it persists, open a ticket with logs, region=LATAM, and a short description. Typical resolution: 24h.",LATAM,mobile app,billing discrepancy
(373) How do I handle upgrade plan via the email?,"For upgrade plan on the email, verify identity with the code we send and retry. If it persists, open a ticket with logs, region=US, and a short description. Typical resolution: 24h.",US,email,upgrade plan
(374) How do I handle downgrade plan via the chat?,"For downgrade plan on the chat, submit shipment ID and carrier, then check tracking. If it persists, open a ticket with logs, region=EU, and a short description. Typical resolution: 24h.",EU,chat,downgrade plan
(375) How do I handle cancel subscription via the phone (enterprise)?,"For cancel subscription on the phone (enterprise), attach proof of purchase and reason in the form. If it persists, open a ticket with logs, region=APAC, and a short description. Typical resolution: 24h.",APAC,phone (enterprise),cancel subscription
(376) How do I handle update payment method via the web app?,"For update payment method on the web app, add a backup email and regenerate recovery codes. If it persists, open a ticket with logs, region=LATAM, and a short description. Typical resolution: 24h.",LATAM,web app,update payment method
(377) How do I handle two-factor auth via the mobile app?,"For two-factor auth on the mobile app, open Settings > Security and follow the prompts. If it persists, open a ticket with logs, region=US, and a short description. Typical resolution: 24h.",US,mobile app,two-factor auth
(378) How do I handle shipping delay via the email?,"For shipping delay on the email, visit Billing > Payments and refresh your card on file. If it persists, open a ticket with logs, region=EU, and a short description. Typical resolution: 24h.",EU,email,shipping delay
(379) How do I handle return request via the chat?,"For return request on the chat, go to Plans and choose the desired tier, then confirm. If it persists, open a ticket with logs, region=APAC, and a short description. Typical resolution: 24h.",APAC,chat,return request
(380) How do I handle account locked via the phone (enterprise)?,"For account locked on the phone (enterprise), use the cancellation flow under Plans and give a reason. If it persists, open a ticket with logs, region=LATAM, and a short description. Typical resolution: 24h.",LATAM,phone (enterprise),account locked
(381) How do I handle reset password via the web app?,"For reset password on the web app, verify identity with the code we send and retry. If it persists, open a ticket with logs, region=US, and a short description. Typical resolution: 24h.",US,web app,reset password
(382) How do I handle billing discrepancy via the mobile app?,"For billing discrepancy on the mobile app, submit shipment ID and carrier, then check tracking. If it persists, open a ticket with logs, region=EU, and a short description. Typical resolution: 24h.",EU,mobile app,billing discrepancy
(383) How do I handle upgrade plan via the email?,"For upgrade plan on the email, attach proof of purchase and reason in the form. If it persists, open a ticket with logs, region=APAC, and a short description. Typical resolution: 24h.",APAC,email,upgrade plan
(384) How do I handle downgrade plan via the chat?,"For downgrade plan on the chat, add a backup email and regenerate recovery codes. If it persists, open a ticket with logs, region=LATAM, and a short description. Typical resolution: 24h.",LATAM,chat,downgrade plan
(385) How do I handle cancel subscription via the phone (enterprise)?,"For cancel subscription on the phone (enterprise), open Settings > Security and follow the prompts. If it persists, open a ticket with logs, region=US, and a short description. Typical resolution: 24h.",US,phone (enterprise),cancel subscription
(386) How do I handle update payment method via the web app?,"For update payment method on the web app, visit Billing > Payments and refresh your card on file. If it persists, open a ticket with logs, region=EU, and a short description. Typical resolution: 24h.",EU,web app,update payment method
(387) How do I handle two-factor auth via the mobile app?,"For two-factor auth on the mobile app, go to Plans and choose the desired tier, then confirm. If it persists, open a ticket with logs, region=APAC, and a short description. Typical resolution: 24h.",APAC,mobile app,two-factor auth
(388) How do I handle shipping delay via the email?,"For shipping delay on the email, use the cancellation flow under Plans and give a reason. If it persists, open a ticket with logs, region=LATAM, and a short description. Typical resolution: 24h.",LATAM,email,shipping delay
(389) How do I handle return request via the chat?,"For return request on the chat, verify identity with the code we send and retry. If it persists, open a ticket with logs, region=US, and a short description. Typical resolution: 24h.",US,chat,return request
(390) How do I handle account locked via the phone (enterprise)?,"For account locked on the phone (enterprise), submit shipment ID and carrier, then check tracking. If it persists, open a ticket with logs, region=EU, and a short description. Typical resolution: 24h.",EU,phone (enterprise),account locked
(391) How do I handle reset password via the web app?,"For reset password on the web app, attach proof of purchase and reason in the form. If it persists, open a ticket with logs, region=APAC, and a short description. Typical resolution: 24h.",APAC,web app,reset password
(392) How do I handle billing discrepancy via the mobile app?,"For billing discrepancy on the mobile app, add a backup email and regenerate recovery codes. If it persists, open a ticket with logs, region=LATAM, and a short description. Typical resolution: 24h.",LATAM,mobile app,billing discrepancy
(393) How do I handle upgrade plan via the email?,"For upgrade plan on the email, open Settings > Security and follow the prompts. If it persists, open a ticket with logs, region=US, and a short description. Typical resolution: 24h.",US,email,upgrade plan
(394) How do I handle downgrade plan via the chat?,"For downgrade plan on the chat, visit Billing > Payments and refresh your card on file. If it persists, open a ticket with logs, region=EU, and a short description. Typical resolution: 24h.",EU,chat,downgrade plan
(395) How do I handle cancel subscription via the phone (enterprise)?,"For cancel subscription on the phone (enterprise), go to Plans and choose the desired tier, then confirm. If it persists, open a ticket with logs, region=APAC, and a short description. Typical resolution: 24h.",APAC,phone (enterprise),cancel subscription
(396) How do I handle update payment method via the web app?,"For update payment method on the web app, use the cancellation flow under Plans and give a reason. If it persists, open a ticket with logs, region=LATAM, and a short description. Typical resolution: 24h.",LATAM,web app,update payment method
(397) How do I handle two-factor auth via the mobile app?,"For two-factor auth on the mobile app, verify identity with the code we send and retry. If it persists, open a ticket with logs, region=US, and a short description. Typical resolution: 24h.",US,mobile app,two-factor auth
(398) How do I handle shipping delay via the email?,"For shipping delay on the email, submit shipment ID and carrier, then check tracking. If it persists, open a ticket with logs, region=EU, and a short description. Typical resolution: 24h.",EU,email,shipping delay
(399) How do I handle return request via the chat?,"For return request on the chat, attach proof of purchase and reason in the form. If it persists, open a ticket with logs, region=APAC, and a short description. Typical resolution: 24h.",APAC,chat,return request
(400) How do I handle account locked via the phone (enterprise)?,"For account locked on the phone (enterprise), add a backup email and regenerate recovery codes. If it persists, open a ticket with logs, region=LATAM, and a short description. Typical resolution: 24h.",LATAM,phone (enterprise),account locked
(401) How do I handle reset password via the web app?,"For reset password on the web app, open Settings > Security and follow the prompts. If it persists, open a ticket with logs, region=US, and a short description. Typical resolution: 24h.",US,web app,reset password
(402) How do I handle billing discrepancy via the mobile app?,"For billing discrepancy on the mobile app, visit Billing > Payments and refresh your card on file. If it persists, open a ticket with logs, region=EU, and a short description. Typical resolution: 24h.",EU,mobile app,billing discrepancy
(403) How do I handle upgrade plan via the email?,"For upgrade plan on the email, go to Plans and choose the desired tier, then confirm. If it persists, open a ticket with logs, region=APAC, and a short description. Typical resolution: 24h.",APAC,email,upgrade plan
(404) How do I handle downgrade plan via the chat?,"For downgrade plan on the chat, use the cancellation flow under Plans and give a reason. If it persists, open a ticket with logs, region=LATAM, and a short description. Typical resolution: 24h.",LATAM,chat,downgrade plan
(405) How do I handle cancel subscription via the phone (enterprise)?,"For cancel subscription on the phone (enterprise), verify identity with the code we send and retry. If it persists, open a ticket with logs, region=US, and a short description. Typical resolution: 24h.",US,phone (enterprise),cancel subscription
(406) How do I handle update payment method via the web app?,"For update payment method on the web app, submit shipment ID and carrier, then check tracking. If it persists, open a ticket with logs, region=EU, and a short description. Typical resolution: 24h.",EU,web app,update payment method
(407) How do I handle two-factor auth via the mobile app?,"For two-factor auth on the mobile app, attach proof of purchase and reason in the form. If it persists, open a ticket with logs, region=APAC, and a short description. Typical resolution: 24h.",APAC,mobile app,two-factor auth
(408) How do I handle shipping delay via the email?,"For shipping delay on the email, add a backup email and regenerate recovery codes. If it persists, open a ticket with logs, region=LATAM, and a short description. Typical resolution: 24h.",LATAM,email,shipping delay
(409) How do I handle return request via the chat?,"For return request on the chat, open Settings > Security and follow the prompts. If it persists, open a ticket with logs, region=US, and a short description. Typical resolution: 24h.",US,chat,return request
(410) How do I handle account locked via the phone (enterprise)?,"For account locked on the phone (enterprise), visit Billing > Payments and refresh your card on file. If it persists, open a ticket with logs, region=EU, and a short description. Typical resolution: 24h.",EU,phone (enterprise),account locked
(411) How do I handle reset password via the web app?,"For reset password on the web app, go to Plans and choose the desired tier, then confirm. If it persists, open a ticket with logs, region=APAC, and a short description. Typical resolution: 24h.",APAC,web app,reset password
(412) How do I handle billing discrepancy via the mobile app?,"For billing discrepancy on the mobile app, use the cancellation flow under Plans and give a reason. If it persists, open a ticket with logs, region=LATAM, and a short description. Typical resolution: 24h.",LATAM,mobile app,billing discrepancy
(413) How do I handle upgrade plan via the email?,"For upgrade plan on the email, verify identity with the code we send and retry. If it persists, open a ticket with logs, region=US, and a short description. Typical resolution: 24h.",US,email,upgrade plan
(414) How do I handle downgrade plan via the chat?,"For downgrade plan on the chat, submit shipment ID and carrier, then check tracking. If it persists, open a ticket with logs, region=EU, and a short description. Typical resolution: 24h.",EU,chat,downgrade plan
(415) How do I handle cancel subscription via the phone (enterprise)?,"For cancel subscription on the phone (enterprise), attach proof of purchase and reason in the form. If it persists, open a ticket with logs, region=APAC, and a short description. Typical resolution: 24h.",APAC,phone (enterprise),cancel subscription
(416) How do I handle update payment method via the web app?,"For update payment method on the web app, add a backup email and regenerate recovery codes. If it persists, open a ticket with logs, region=LATAM, and a short description. Typical resolution: 24h.",LATAM,web app,update payment method
(417) How do I handle two-factor auth via the mobile app?,"For two-factor auth on the mobile app, open Settings > Security and follow the prompts. If it persists, open a ticket with logs, region=US, and a short description. Typical resolution: 24h.",US,mobile app,two-factor auth
(418) How do I handle shipping delay via the email?,"For shipping delay on the email, visit Billing > Payments and refresh your card on file. If it persists, open a ticket with logs, region=EU, and a short description. Typical resolution: 24h.",EU,email,shipping delay
(419) How do I handle return request via the chat?,"For return request on the chat, go to Plans and choose the desired tier, then confirm. If it persists, open a ticket with logs, region=APAC, and a short description. Typical resolution: 24h.",APAC,chat,return request
(420) How do I handle account locked via the phone (enterprise)?,"For account locked on the phone (enterprise), use the cancellation flow under Plans and give a reason. If it persists, open a ticket with logs, region=LATAM, and a short description. Typical resolution: 24h.",LATAM,phone (enterprise),account locked
(421) How do I handle reset password via the web app?,"For reset password on the web app, verify identity with the code we send and retry. If it persists, open a ticket with logs, region=US, and a short description. Typical resolution: 24h.",US,web app,reset password
(422) How do I handle billing discrepancy via the mobile app?,"For billing discrepancy on the mobile app, submit shipment ID and carrier, then check tracking. If it persists, open a ticket with logs, region=EU, and a short description. Typical resolution: 24h.",EU,mobile app,billing discrepancy
(423) How do I handle upgrade plan via the email?,"For upgrade plan on the email, attach proof of purchase and reason in the form. If it persists, open a ticket with logs, region=APAC, and a short description. Typical resolution: 24h.",APAC,email,upgrade plan
(424) How do I handle downgrade plan via the chat?,"For downgrade plan on the chat, add a backup email and regenerate recovery codes. If it persists, open a ticket with logs, region=LATAM, and a short description. Typical resolution: 24h.",LATAM,chat,downgrade plan
(425) How do I handle cancel subscription via the phone (enterprise)?,"For cancel subscription on the phone (enterprise), open Settings > Security and follow the prompts. If it persists, open a ticket with logs, region=US, and a short description. Typical resolution: 24h.",US,phone (enterprise),cancel subscription
(426) How do I handle update payment method via the web app?,"For update payment method on the web app, visit Billing > Payments and refresh your card on file. If it persists, open a ticket with logs, region=EU, and a short description. Typical resolution: 24h.",EU,web app,update payment method
(427) How do I handle two-factor auth via the mobile app?,"For two-factor auth on the mobile app, go to Plans and choose the desired tier, then confirm. If it persists, open a ticket with logs, region=APAC, and a short description. Typical resolution: 24h.",APAC,mobile app,two-factor auth
(428) How do I handle shipping delay via the email?,"For shipping delay on the email, use the cancellation flow under Plans and give a reason. If it persists, open a ticket with logs, region=LATAM, and a short description. Typical resolution: 24h.",LATAM,email,shipping delay
(429) How do I handle return request via the chat?,"For return request on the chat, verify identity with the code we send and retry. If it persists, open a ticket with logs, region=US, and a short description. Typical resolution: 24h.",US,chat,return request
(430) How do I handle account locked via the phone (enterprise)?,"For account locked on the phone (enterprise), submit shipment ID and carrier, then check tracking. If it persists, open a ticket with logs, region=EU, and a short description. Typical resolution: 24h.",EU,phone (enterprise),account locked
(431) How do I handle reset password via the web app?,"For reset password on the web app, attach proof of purchase and reason in the form. If it persists, open a ticket with logs, region=APAC, and a short description. Typical resolution: 24h.",APAC,web app,reset password
(432) How do I handle billing discrepancy via the mobile app?,"For billing discrepancy on the mobile app, add a backup email and regenerate recovery codes. If it persists, open a ticket with logs, region=LATAM, and a short description. Typical resolution: 24h.",LATAM,mobile app,billing discrepancy
(433) How do I handle upgrade plan via the email?,"For upgrade plan on the email, open Settings > Security and follow the prompts. If it persists, open a ticket with logs, region=US, and a short description. Typical resolution: 24h.",US,email,upgrade plan
(434) How do I handle downgrade plan via the chat?,"For downgrade plan on the chat, visit Billing > Payments and refresh your card on file. If it persists, open a ticket with logs, region=EU, and a short description. Typical resolution: 24h.",EU,chat,downgrade plan
(435) How do I handle cancel subscription via the phone (enterprise)?,"For cancel subscription on the phone (enterprise), go to Plans and choose the desired tier, then confirm. If it persists, open a ticket with logs, region=APAC, and a short description. Typical resolution: 24h.",APAC,phone (enterprise),cancel subscription
(436) How do I handle update payment method via the web app?,"For update payment method on the web app, use the cancellation flow under Plans and give a reason. If it persists, open a ticket with logs, region=LATAM, and a short description. Typical resolution: 24h.",LATAM,web app,update payment method
(437) How do I handle two-factor auth via the mobile app?,"For two-factor auth on the mobile app, verify identity with the code we send and retry. If it persists, open a ticket with logs, region=US, and a short description. Typical resolution: 24h.",US,mobile app,two-factor auth
(438) How do I handle shipping delay via the email?,"For shipping delay on the email, submit shipment ID and carrier, then check tracking. If it persists, open a ticket with logs, region=EU, and a short description. Typical resolution: 24h.",EU,email,shipping delay
(439) How do I handle return request via the chat?,"For return request on the chat, attach proof of purchase and reason in the form. If it persists, open a ticket with logs, region=APAC, and a short description. Typical resolution: 24h.",APAC,chat,return request
(440) How do I handle account locked via the phone (enterprise)?,"For account locked on the phone (enterprise), add a backup email and regenerate recovery codes. If it persists, open a ticket with logs, region=LATAM, and a short description. Typical resolution: 24h.",LATAM,phone (enterprise),account locked
(441) How do I handle reset password via the web app?,"For reset password on the web app, open Settings > Security and follow the prompts. If it persists, open a ticket with logs, region=US, and a short description. Typical resolution: 24h.",US,web app,reset password
(442) How do I handle billing discrepancy via the mobile app?,"For billing discrepancy on the mobile app, visit Billing > Payments and refresh your card on file. If it persists, open a ticket with logs, region=EU, and a short description. Typical resolution: 24h.",EU,mobile app,billing discrepancy
(443) How do I handle upgrade plan via the email?,"For upgrade plan on the email, go to Plans and choose the desired tier, then confirm. If it persists, open a ticket with logs, region=APAC, and a short description. Typical resolution: 24h.",APAC,email,upgrade plan
(444) How do I handle downgrade plan via the chat?,"For downgrade plan on the chat, use the cancellation flow under Plans and give a reason. If it persists, open a ticket with logs, region=LATAM, and a short description. Typical resolution: 24h.",LATAM,chat,downgrade plan
(445) How do I handle cancel subscription via the phone (enterprise)?,"For cancel subscription on the phone (enterprise), verify identity with the code we send and retry. If it persists, open a ticket with logs, region=US, and a short description. Typical resolution: 24h.",US,phone (enterprise),cancel subscription
(446) How do I handle update payment method via the web app?,"For update payment method on the web app, submit shipment ID and carrier, then check tracking. If it persists, open a ticket with logs, region=EU, and a short description. Typical resolution: 24h.",EU,web app,update payment method
(447) How do I handle two-factor auth via the mobile app?,"For two-factor auth on the mobile app, attach proof of purchase and reason in the form. If it persists, open a ticket with logs, region=APAC, and a short description. Typical resolution: 24h.",APAC,mobile app,two-factor auth
(448) How do I handle shipping delay via the email?,"For shipping delay on the email, add a backup email and regenerate recovery codes. If it persists, open a ticket with logs, region=LATAM, and a short description. Typical resolution: 24h.",LATAM,email,shipping delay
(449) How do I handle return request via the chat?,"For return request on the chat, open Settings > Security and follow the prompts. If it persists, open a ticket with logs, region=US, and a short description. Typical resolution: 24h.",US,chat,return request
(450) How do I handle account locked via the phone (enterprise)?,"For account locked on the phone (enterprise), visit Billing > Payments and refresh your card on file. If it persists, open a ticket with logs, region=EU, and a short description. Typical resolution: 24h.",EU,phone (enterprise),account locked
(451) How do I handle reset password via the web app?,"For reset password on the web app, go to Plans and choose the desired tier, then confirm. If it persists, open a ticket with logs, region=APAC, and a short description. Typical resolution: 24h.",APAC,web app,reset password
(452) How do I handle billing discrepancy via the mobile app?,"For billing discrepancy on the mobile app, use the cancellation flow under Plans and give a reason. If it persists, open a ticket with logs, region=LATAM, and a short description. Typical resolution: 24h.",LATAM,mobile app,billing discrepancy
(453) How do I handle upgrade plan via the email?,"For upgrade plan on the email, verify identity with the code we send and retry. If it persists, open a ticket with logs, region=US, and a short description. Typical resolution: 24h.",US,email,upgrade plan
(454) How do I handle downgrade plan via the chat?,"For downgrade plan on the chat, submit shipment ID and carrier, then check tracking. If it persists, open a ticket with logs, region=EU, and a short description. Typical resolution: 24h.",EU,chat,downgrade plan
(455) How do I handle cancel subscription via the phone (enterprise)?,"For cancel subscription on the phone (enterprise), attach proof of purchase and reason in the form. If it persists, open a ticket with logs, region=APAC, and a short description. Typical resolution: 24h.",APAC,phone (enterprise),cancel subscription
(456) How do I handle update payment method via the web app?,"For update payment method on the web app, add a backup email and regenerate recovery codes. If it persists, open a ticket with logs, region=LATAM, and a short description. Typical resolution: 24h.",LATAM,web app,update payment method
(457) How do I handle two-factor auth via the mobile app?,"For two-factor auth on the mobile app, open Settings > Security and follow the prompts. If it persists, open a ticket with logs, region=US, and a short description. Typical resolution: 24h.",US,mobile app,two-factor auth
(458) How do I handle shipping delay via the email?,"For shipping delay on the email, visit Billing > Payments and refresh your card on file. If it persists, open a ticket with logs, region=EU, and a short description. Typical resolution: 24h.",EU,email,shipping delay
(459) How do I handle return request via the chat?,"For return request on the chat, go to Plans and choose the desired tier, then confirm. If it persists, open a ticket with logs, region=APAC, and a short description. Typical resolution: 24h.",APAC,chat,return request
(460) How do I handle account locked via the phone (enterprise)?,"For account locked on the phone (enterprise), use the cancellation flow under Plans and give a reason. If it persists, open a ticket with logs, region=LATAM, and a short description. Typical resolution: 24h.",LATAM,phone (enterprise),account locked
(461) How do I handle reset password via the web app?,"For reset password on the web app, verify identity with the code we send and retry. If it persists, open a ticket with logs, region=US, and a short description. Typical resolution: 24h.",US,web app,reset password
(462) How do I handle billing discrepancy via the mobile app?,"For billing discrepancy on the mobile app, submit shipment ID and carrier, then check tracking. If it persists, open a ticket with logs, region=EU, and a short description. Typical resolution: 24h.",EU,mobile app,billing discrepancy
(463) How do I handle upgrade plan via the email?,"For upgrade plan on the email, attach proof of purchase and reason in the form. If it persists, open a ticket with logs, region=APAC, and a short description. Typical resolution: 24h.",APAC,email,upgrade plan
(464) How do I handle downgrade plan via the chat?,"For downgrade plan on the chat, add a backup email and regenerate recovery codes. If it persists, open a ticket with logs, region=LATAM, and a short description. Typical resolution: 24h.",LATAM,chat,downgrade plan
(465) How do I handle cancel subscription via the phone (enterprise)?,"For cancel subscription on the phone (enterprise), open Settings > Security and follow the prompts. If it persists, open a ticket with logs, region=US, and a short description. Typical resolution: 24h.",US,phone (enterprise),cancel subscription
(466) How do I handle update payment method via the web app?,"For update payment method on the web app, visit Billing > Payments and refresh your card on file. If it persists, open a ticket with logs, region=EU, and a short description. Typical resolution: 24h.",EU,web app,update payment method
(467) How do I handle two-factor auth via the mobile app?,"For two-factor auth on the mobile app, go to Plans and choose the desired tier, then confirm. If it persists, open a ticket with logs, region=APAC, and a short description. Typical resolution: 24h.",APAC,mobile app,two-factor auth
(468) How do I handle shipping delay via the email?,"For shipping delay on the email, use the cancellation flow under Plans and give a reason. If it persists, open a ticket with logs, region=LATAM, and a short description. Typical resolution: 24h.",LATAM,email,shipping delay
(469) How do I handle return request via the chat?,"For return request on the chat, verify identity with the code we send and retry. If it persists, open a ticket with logs, region=US, and a short description. Typical resolution: 24h.",US,chat,return request
(470) How do I handle account locked via the phone (enterprise)?,"For account locked on the phone (enterprise), submit shipment ID and carrier, then check tracking. If it persists, open a ticket with logs, region=EU, and a short description. Typical resolution: 24h.",EU,phone (enterprise),account locked
(471) How do I handle reset password via the web app?,"For reset password on the web app, attach proof of purchase and reason in the form. If it persists, open a ticket with logs, region=APAC, and a short description. Typical resolution: 24h.",APAC,web app,reset password
(472) How do I handle billing discrepancy via the mobile app?,"For billing discrepancy on the mobile app, add a backup email and regenerate recovery codes. If it persists, open a ticket with logs, region=LATAM, and a short description. Typical resolution: 24h.",LATAM,mobile app,billing discrepancy
(473) How do I handle upgrade plan via the email?,"For upgrade plan on the email, open Settings > Security and follow the prompts. If it persists, open a ticket with logs, region=US, and a short description. Typical resolution: 24h.",US,email,upgrade plan
(474) How do I handle downgrade plan via the chat?,"For downgrade plan on the chat, visit Billing > Payments and refresh your card on file. If it persists, open a ticket with logs, region=EU, and a short description. Typical resolution: 24h.",EU,chat,downgrade plan
(475) How do I handle cancel subscription via the phone (enterprise)?,"For cancel subscription on the phone (enterprise), go to Plans and choose the desired tier, then confirm. If it persists, open a ticket with logs, region=APAC, and a short description. Typical resolution: 24h.",APAC,phone (enterprise),cancel subscription
(476) How do I handle update payment method via the web app?,"For update payment method on the web app, use the cancellation flow under Plans and give a reason. If it persists, open a ticket with logs, region=LATAM, and a short description. Typical resolution: 24h.",LATAM,web app,update payment method
(477) How do I handle two-factor auth via the mobile app?,"For two-factor auth on the mobile app, verify identity with the code we send and retry. If it persists, open a ticket with logs, region=US, and a short description. Typical resolution: 24h.",US,mobile app,two-factor auth
(478) How do I handle shipping delay via the email?,"For shipping delay on the email, submit shipment ID and carrier, then check tracking. If it persists, open a ticket with logs, region=EU, and a short description. Typical resolution: 24h.",EU,email,shipping delay
(479) How do I handle return request via the chat?,"For return request on the chat, attach proof of purchase and reason in the form. If it persists, open a ticket with logs, region=APAC, and a short description. Typical resolution: 24h.",APAC,chat,return request
(480) How do I handle account locked via the phone (enterprise)?,"For account locked on the phone (enterprise), add a backup email and regenerate recovery codes. If it persists, open a ticket with logs, region=LATAM, and a short description. Typical resolution: 24h.",LATAM,phone (enterprise),account locked
(481) How do I handle reset password via the web app?,"For reset password on the web app, open Settings > Security and follow the prompts. If it persists, open a ticket with logs, region=US, and a short description. Typical resolution: 24h.",US,web app,reset password
(482) How do I handle billing discrepancy via the mobile app?,"For billing discrepancy on the mobile app, visit Billing > Payments and refresh your card on file. If it persists, open a ticket with logs, region=EU, and a short description. Typical resolution: 24h.",EU,mobile app,billing discrepancy
(483) How do I handle upgrade plan via the email?,"For upgrade plan on the email, go to Plans and choose the desired tier, then confirm. If it persists, open a ticket with logs, region=APAC, and a short description. Typical resolution: 24h.",APAC,email,upgrade plan
(484) How do I handle downgrade plan via the chat?,"For downgrade plan on the chat, use the cancellation flow under Plans and give a reason. If it persists, open a ticket with logs, region=LATAM, and a short description. Typical resolution: 24h.",LATAM,chat,downgrade plan
(485) How do I handle cancel subscription via the phone (enterprise)?,"For cancel subscription on the phone (enterprise), verify identity with the code we send and retry. If it persists, open a ticket with logs, region=US, and a short description. Typical resolution: 24h.",US,phone (enterprise),cancel subscription
(486) How do I handle update payment method via the web app?,"For update payment method on the web app, submit shipment ID and carrier, then check tracking. If it persists, open a ticket with logs, region=EU, and a short description. Typical resolution: 24h.",EU,web app,update payment method
(487) How do I handle two-factor auth via the mobile app?,"For two-factor auth on the mobile app, attach proof of purchase and reason in the form. If it persists, open a ticket with logs, region=APAC, and a short description. Typical resolution: 24h.",APAC,mobile app,two-factor auth
(488) How do I handle shipping delay via the email?,"For shipping delay on the email, add a backup email and regenerate recovery codes. If it persists, open a ticket with logs, region=LATAM, and a short description. Typical resolution: 24h.",LATAM,email,shipping delay
(489) How do I handle return request via the chat?,"For return request on the chat, open Settings > Security and follow the prompts. If it persists, open a ticket with logs, region=US, and a short description. Typical resolution: 24h.",US,chat,return request
(490) How do I handle account locked via the phone (enterprise)?,"For account locked on the phone (enterprise), visit Billing > Payments and refresh your card on file. If it persists, open a ticket with logs, region=EU, and a short description. Typical resolution: 24h.",EU,phone (enterprise),account locked
(491) How do I handle reset password via the web app?,"For reset password on the web app, go to Plans and choose the desired tier, then confirm. If it persists, open a ticket with logs, region=APAC, and a short description. Typical resolution: 24h.",APAC,web app,reset password
(492) How do I handle billing discrepancy via the mobile app?,"For billing discrepancy on the mobile app, use the cancellation flow under Plans and give a reason. If it persists, open a ticket with logs, region=LATAM, and a short description. Typical resolution: 24h.",LATAM,mobile app,billing discrepancy
(493) How do I handle upgrade plan via the email?,"For upgrade plan on the email, verify identity with the code we send and retry. If it persists, open a ticket with logs, region=US, and a short description. Typical resolution: 24h.",US,email,upgrade plan
(494) How do I handle downgrade plan via the chat?,"For downgrade plan on the chat, submit shipment ID and carrier, then check tracking. If it persists, open a ticket with logs, region=EU, and a short description. Typical resolution: 24h.",EU,chat,downgrade plan
(495) How do I handle cancel subscription via the phone (enterprise)?,"For cancel subscription on the phone (enterprise), attach proof of purchase and reason in the form. If it persists, open a ticket with logs, region=APAC, and a short description. Typical resolution: 24h.",APAC,phone (enterprise),cancel subscription
(496) How do I handle update payment method via the web app?,"For update payment method on the web app, add a backup email and regenerate recovery codes. If it persists, open a ticket with logs, region=LATAM, and a short description. Typical resolution: 24h.",LATAM,web app,update payment method
(497) How do I handle two-factor auth via the mobile app?,"For two-factor auth on the mobile app, open Settings > Security and follow the prompts. If it persists, open a ticket with logs, region=US, and a short description. Typical resolution: 24h.",US,mobile app,two-factor auth
(498) How do I handle shipping delay via the email?,"For shipping delay on the email, visit Billing > Payments and refresh your card on file. If it persists, open a ticket with logs, region=EU, and a short description. Typical resolution: 24h.",EU,email,shipping delay
(499) How do I handle return request via the chat?,"For return request on the chat, go to Plans and choose the desired tier, then confirm. If it persists, open a ticket with logs, region=APAC, and a short description. Typical resolution: 24h.",APAC,chat,return request
(500) How do I handle account locked via the phone (enterprise)?,"For account locked on the phone (enterprise), use the cancellation flow under Plans and give a reason. If it persists, open a ticket with logs, region=LATAM, and a short description. Typical resolution: 24h.",LATAM,phone (enterprise),account locked
